,-80,-78,-76,-74,-72,-70,-68,-66,-64,-62,-60,-58,-56,-54,-52,-50,-48,-46,-44,-42,-40,-38,-36,-34,-32,-30,-28,-26,-24,-22,-20,-18,-16,-14,-12,-10,-8,-6,-4,-2,0,2,4,6,8,10,12,14,16,18,20,22,24,26,28,30,32,34,36,38,40,42,44,46,48,50,52,54,56,58,60,62,64,66,68,70,72,74,76,78,80
-60,0.3214767553363491,0.2981358422863918,0.27824166108604276,0.26125600650631586,0.24663081295838318,0.2339511103824915,0.2229098700845158,0.21319644524844594,0.20465743801971026,0.19710481512697864,0.23393281154932988,0.22486731760251177,0.21662131021276476,0.20914094910260905,0.20231988948914958,0.19610641023678854,0.1903690849812832,0.18513443540412827,0.18030615053014887,0.1759012845903291,0.1718133846842993,0.16805329771055744,0.16461336393234438,0.16142289178790842,0.15848760395720796,0.1557904694532511,0.15331268755348743,0.15103901323051203,0.14900095060112578,0.14708492534102516,0.1453393172486486,0.1437528439207239,0.14233240648933218,0.14104110568008146,0.13989243467449952,0.13896108902346227,0.1381197703211477,0.13736467099110666,0.13669417234044107,0.13608777517910975,0.13558235420224957,0.13464366650589507,0.13379572073897017,0.1330575177888871,0.13236077839399923,0.1317289329289582,0.13116196440335456,0.13065974661930457,0.13022299493705336,0.1298476242112965,0.12952025205541629,0.1292737671335176,0.1290936091617459,0.12898316125577952,0.12893777507986853,0.12892095164367529,0.12901631233190963,0.12918541900649427,0.1294355636516371,0.1297750873988087,0.1302083751933558,0.13072866769776434,0.13135364119497045,0.1320846033562421,0.132934965021376,0.13390300924833828,0.13499990713121193,0.13624771206175104,0.13765084198499727,0.1392197149324368,0.14095872593013392,0.14288765526058617,0.14502818311783564,0.1473708725124689,0.14997037831391463,0.15284837854729036,0.15599511484372897,0.15946122558908957,0.16325499975275298,0.1674410111322518,0.17205962121246576
-58,0.3108992171259384,0.28918774991050933,0.2705770644517892,0.25462170361558034,0.24083753959083332,0.22884899091033872,0.2183678079602187,0.20916421156992726,0.20102933716702975,0.1938226660084279,0.1874271146628249,0.22124089557201188,0.21330960739696203,0.20611161728564242,0.19953543565851128,0.1934981654503658,0.1879978066858779,0.18292271435152074,0.17826601792705138,0.17399675586495578,0.17003921270855238,0.16641930329252602,0.16305705066364046,0.15996232650670833,0.15711387735626586,0.15449235105459752,0.15209811211738455,0.14988577483259416,0.14786061110498172,0.14601085753376733,0.14432552860014075,0.14279513787769985,0.14141082534985205,0.14016676500990113,0.13905694476373015,0.13815386154774326,0.13735177923011416,0.13663277479100555,0.13598487617314534,0.13541432805253775,0.13494207656611362,0.13403623499306008,0.13322032802179734,0.13249605485334803,0.13181594835578314,0.13120103733080268,0.1306491923497791,0.13015971610333923,0.12973423103840243,0.12936737802976817,0.1290658266242959,0.12882493769535808,0.12865084375042563,0.1285437613017728,0.12850240998662954,0.12853508594695545,0.12864132447017435,0.1288210047005993,0.12907291675127566,0.12942277507289593,0.1298585749198707,0.13038928341428765,0.1310265560466962,0.13177535477338245,0.1326333867537015,0.1336097244945503,0.13472041094600062,0.13598214504934386,0.13740065053752987,0.13895172262480962,0.14069254612262766,0.14260882845868292,0.1447537528166605,0.1471145067911156,0.1497247252609605,0.15259620335212196,0.1557478202339092,0.15920639764829167,0.16295343983182556,0.16712102359720368,0.1717240657500566
-56,0.3012158536997287,0.2808540880329714,0.2634497754373486,0.24842765440516923,0.23540669879700882,0.22405214813763064,0.21410026916574298,0.2053457450408389,0.19758999866486826,0.190712557891909,0.1845931172638231,0.17912070798936286,0.21014049228315446,0.20320296765334223,0.1968426714737106,0.19103189132512066,0.1857093323737598,0.18079782847864911,0.17630355420468352,0.17213854693028469,0.16832445514681998,0.16479078718595053,0.16156016049760563,0.1585551267476376,0.15578922005579726,0.15325808077517472,0.15091525065149453,0.1487661512934426,0.1467997663753941,0.14500427816074815,0.1433691093843068,0.14188476750352705,0.14055385472658155,0.1393481728940831,0.13827490700362588,0.13738657746790967,0.1366188034941626,0.13593379436105368,0.13531650471739864,0.1347762981524843,0.134333791150404,0.13345825009369416,0.13267231786863762,0.1319573544145479,0.1312975092740515,0.13070193791093787,0.13016915956756242,0.12969682050732764,0.12928676269502684,0.12893759010939612,0.12865022889696742,0.1284140416689662,0.12825354259267313,0.12815504000831485,0.1281258564534669,0.12816987971471738,0.12828154339655806,0.12847172167128937,0.1287461536381424,0.1291047441843046,0.12954992894367928,0.1300944830463903,0.13074582400030424,0.1315052428013712,0.13237069718010777,0.13334426010405054,0.1344692185411358,0.13573619365373663,0.1371327002872829,0.13870128325269127,0.1404354494271355,0.14238044435903757,0.14451580011916718,0.14689048903826632,0.14950315936275638,0.1523237373182136,0.15545279251393265,0.15889728389551339,0.1626942423532723,0.16688382751052505,0.1715108621082715
-54,0.2922255958265222,0.27316395547011607,0.25676274586725567,0.24260093596029653,0.2303147492408999,0.2195410325870697,0.21007600746016908,0.20172869819396688,0.1943339550770261,0.18775884493412343,0.18190462413241693,0.17667777693966547,0.17197575207456672,0.2004162290911249,0.19427555002664554,0.1886648851755779,0.18349246726300178,0.17875549528686213,0.1743827653068183,0.17037676415084457,0.16665829211745198,0.16324452967416825,0.16008518340801325,0.15719387227137638,0.15451148102922158,0.152041740157968,0.14978057498997419,0.14769411095659307,0.1457840617421639,0.14405452359638626,0.14246454264373565,0.14102252658333286,0.13972136329133994,0.1385544374009977,0.13751626497784833,0.13664466114815293,0.135914864379053,0.13526409596353223,0.13467601656168823,0.13416513472198316,0.13375229164540142,0.13290619607185028,0.13214749790025165,0.13144244347497647,0.13080280174471964,0.13022581514713724,0.12970963976626665,0.12925448367439957,0.12885830075948831,0.12852449784165312,0.12824894511559132,0.12803715010528538,0.1278890436630592,0.12780399848935403,0.12778950533944217,0.12784347770602228,0.12796847768422742,0.12817269803302053,0.12845923139147056,0.1288248654501386,0.12927494522765612,0.12983010252394983,0.13048837498496624,0.13124539424837953,0.13210564172427014,0.13310145307104626,0.1342317343558977,0.13548553175587286,0.13689639534347287,0.13846152476552998,0.14021931343519983,0.14215759407729212,0.1442599264250113,0.14661744114356648,0.14921839037339546,0.15207110362004017,0.15521860630981155,0.1586825635123074,0.16250126466563689,0.1667155493696501,0.17136835672937023
-52,0.2839442712856498,0.2659827445116386,0.2505696309897604,0.2371765975809429,0.22550683211017175,0.21529639136606527,0.20628109671266204,0.1983151080316452,0.1912507801144664,0.18495781724377836,0.17934735956562076,0.17431716679852904,0.16982152674072326,0.1657916350539842,0.19181160955780396,0.18638693547482077,0.18138529079162063,0.17679402835025138,0.17255407364737463,0.1686690960079933,0.1650670037960144,0.1617463544985786,0.15868758588983983,0.15586085935357763,0.1532707313027148,0.15087314139865837,0.14866989013418166,0.14665770551806684,0.1448024172972695,0.1431097596461957,0.14157073878143167,0.14018726936665918,0.13892809283659466,0.13780113450066792,0.13679889527415728,0.13594212307019576,0.13525771060759678,0.13463784398043877,0.13407922606593536,0.13359824727554181,0.1332143386034627,0.13239794853096126,0.1316548180390069,0.13097031359364467,0.13035014034061787,0.1297922400926769,0.12929404581982734,0.12885563375099485,0.12847569781906376,0.12815665341486365,0.12789645302124306,0.12770010226328027,0.1275629150158228,0.12747922616252821,0.12747690608314904,0.12753879685269784,0.12767565469668135,0.12789171963652884,0.1281778131231514,0.12855148758988263,0.12901730356473012,0.12958178969322973,0.13023513018636382,0.13099709083954067,0.1318746684401624,0.13286317931232922,0.1339987534532172,0.13526654011973327,0.13667561204441606,0.13822371608681117,0.13996033138780925,0.1418903805074863,0.14403153752230521,0.14640047510630796,0.14900494839150225,0.15187770520414787,0.1550449272216704,0.1585302000887115,0.1623739077890455,0.16661441941272603,0.17126533498186156
-50,0.2762532624169195,0.2593375365517031,0.2447477594862989,0.2321036265587455,0.22101492711504833,0.21127979793307128,0.20270084686199774,0.19508836802369056,0.18833032236455283,0.1823013275755645,0.1769191647887347,0.1720908475984806,0.1677700371198696,0.16389602156882288,0.16038534049470987,0.18420102974391084,0.17935525542830638,0.17491136737962876,0.17079770274911832,0.1670089971195185,0.16352822494372288,0.16030371510870917,0.15734261706402014,0.15459517466613765,0.15206572228065518,0.14974710758493615,0.14760612774474663,0.14564299868137176,0.1438585521093303,0.1422147092731908,0.1407206921902582,0.13936897759828099,0.13816471451994009,0.13707494810310286,0.13610895381106736,0.1352662736247418,0.134605622201335,0.13402116985931717,0.13349547523303174,0.13304783874406215,0.13269965689675392,0.13191203275122348,0.1311842661441375,0.13052007183113595,0.12991879672020856,0.12937888550102014,0.12889746820629505,0.128474132627873,0.12810191198098925,0.12779518901256828,0.12754816040983968,0.1273624083432735,0.12723696820998093,0.12717889484511608,0.12718462212010107,0.1272591347157559,0.12740058329501297,0.12762179601114854,0.127919500314904,0.12830418331731713,0.1287778149882106,0.1293438830615843,0.13000501287872215,0.13077530787287434,0.13164726277303831,0.13265614514184634,0.1337605458523185,0.13501368633967872,0.13642180752162425,0.13799552474972032,0.13974839747583084,0.141695511106533,0.1438470738002219,0.1462230883610451,0.14884776741091604,0.15174121871359444,0.15493078455065518,0.15844116050080237,0.16228627971129864,0.16653692312810014,0.17118967381597383
-48,0.2690513821905205,0.2531127256713541,0.23934525317238642,0.22731257680385797,0.21679968340852362,0.2075138705866233,0.19931138057355113,0.1920393059612372,0.18556316261064554,0.17978266277918042,0.1746144916509742,0.16997573650323217,0.16581818683283223,0.16209010250951983,0.15871000087346288,0.15569214459454178,0.17740943112020113,0.17308529643291315,0.16911194973621574,0.16543207479091593,0.162048799736697,0.1589159027336406,0.1560267478083024,0.15337839026265654,0.15091824532430953,0.14865557223608444,0.14658242222163426,0.1446741904438103,0.14292920850928317,0.14134872059089643,0.13990070395561216,0.13859113867425035,0.1374147259614672,0.13636416087890524,0.1354445448572021,0.13463093744798077,0.13399019759975583,0.13343862400349427,0.13294245318139292,0.1325245069259615,0.13220056389127322,0.13143966695820836,0.13073196173343166,0.13008819784278022,0.1295057756437573,0.1289821464833393,0.1285169810420613,0.12810781066902074,0.1277582471923209,0.1274647997229248,0.12723268352125133,0.1270576970112558,0.1269463863744123,0.12689896065564707,0.12690561365393285,0.12698867400485553,0.12714604182291855,0.12737267591775,0.12768263303364924,0.1280720759476455,0.1285544567486883,0.12908994690617104,0.1297482254949063,0.13051557511732298,0.13140111923775352,0.13240977588984304,0.133534007757448,0.13480208051248208,0.13622560450391166,0.13781610392591379,0.13958630483214673,0.14154095836224487,0.1437024324917734,0.14609849595540322,0.14874460507302809,0.15164096959463613,0.15484185674003118,0.15837233223140693,0.16222863141980884,0.1664871569511617,0.17116286341389328
-46,0.2623695190508534,0.24734474564836106,0.23425594204527267,0.22285421068159705,0.2128092934361956,0.20397225741562353,0.19612067578015524,0.18915555655975258,0.18294473662934652,0.17740051446910154,0.17242690838322583,0.16797737141436575,0.16396316585541415,0.1603711754027355,0.1571152375117167,0.1542060115961203,0.15155680166454405,0.1713482921245893,0.1674875535585018,0.16391568224111652,0.16061781651647222,0.15757502877840585,0.1547735464687935,0.15219657821686972,0.14980884135762912,0.14761247078693251,0.14559961626458395,0.14374363056120534,0.14204736031481835,0.14050157535713373,0.13910757457782738,0.1378374016242819,0.13669789692987316,0.13568283669493023,0.13478773334788402,0.1340084054970453,0.1333830083897099,0.13287573666075403,0.13240975253900228,0.13202127327558877,0.1317259898553121,0.13098653944425012,0.13029946891677385,0.1296754282821365,0.12911151813996397,0.1286052535573287,0.1281563857651013,0.12776406259035678,0.1274286283213482,0.12715075501218479,0.12693088954806903,0.12675799728885265,0.12665838418111564,0.1266186195148829,0.1266442766223137,0.12674084761288726,0.1268694783575205,0.12709612991589364,0.12740389371631877,0.1277974817756552,0.128277596983708,0.128849096182546,0.12952167881989338,0.13030313016468908,0.1312015708151434,0.13221243249306724,0.1333519561075079,0.13463606799838024,0.1360756448356151,0.1376837522192758,0.13946028687670278,0.14142751831053538,0.14360921127201234,0.1460107503737148,0.14867002795258227,0.15157426200684354,0.15479173790292397,0.1583186641230777,0.16220047045222108,0.16648258940399985,0.17117878096333644
-44,0.2561968056315629,0.24191981296449339,0.22952790308768523,0.21863869187219964,0.20908243118383674,0.200613507122954,0.19311411820471425,0.18642842861258158,0.1804691200848777,0.17513502836469297,0.17035243845884473,0.16606575082175423,0.16220061140764785,0.15873604709702543,0.15559740316395126,0.15279070905717307,0.15023593567247684,0.14791368746548528,0.16593106183469059,0.16245937389631449,0.1592637390274178,0.15629941823399773,0.15356570940515973,0.15104530803915006,0.14872367668651376,0.1465880257312388,0.1446271285773412,0.14283016113050806,0.14118773555193626,0.13970115674752034,0.138338441215952,0.13710972670242724,0.13601216655486698,0.1350308693835521,0.13416707500746727,0.13341711762534844,0.1328029479427215,0.13231691436143017,0.13188070127511248,0.13152328047616427,0.1312587504337806,0.13055484241942766,0.12988834876040534,0.1292826949586786,0.12873621299239937,0.1282467118114515,0.12780443003373065,0.1274280145206022,0.127090941021333,0.12682183448773277,0.12660787801908713,0.1264513149592732,0.12635622946839498,0.12631866423316612,0.12634783963444657,0.12644658198052108,0.12660994769859793,0.12685018035245577,0.12717179196781545,0.12757459552109862,0.1280636337136729,0.1286491099656677,0.12933604611012084,0.13013087821990876,0.1310325949492626,0.1320580325062865,0.13321362736397024,0.13451454285744258,0.13597169560264213,0.13756959794532733,0.1393548782898394,0.14134004417952217,0.14353153562080612,0.14595187701075793,0.14862369792045974,0.15154090098888032,0.15476472170751193,0.15831402782812157,0.1622192478729741,0.16651919775760973,0.1712500762642735
-42,0.2503950004665325,0.23686171293963898,0.2250627507043419,0.21471202021877467,0.20555483911012873,0.19746722774282233,0.19026449373080467,0.1838544434435484,0.17812574365628087,0.17299147892087063,0.16839564153874342,0.16425297700635122,0.16052773561232092,0.1571824132342171,0.15415459298582984,0.15144361133009698,0.14896755946070922,0.1467221135274253,0.14469850797248973,0.1610633405244719,0.15795675642831847,0.15507655888358274,0.15241605022251437,0.1499690949607893,0.14770615499468048,0.14562496762931373,0.14371422098414569,0.14196427622176086,0.14036540400653158,0.13891045330417143,0.13759172291146995,0.1364038537525502,0.13533960466155084,0.1343937576210614,0.13356284355547285,0.13284272145753756,0.13223731512056464,0.13177971492439397,0.13136901022223316,0.13103752013767783,0.13079839888005818,0.13010079015103596,0.12945397466102126,0.1288666888026438,0.12833664721703436,0.12786282080218733,0.12744280056811463,0.12707825044842957,0.1267671848156997,0.12651220848622824,0.126311477374499,0.1261705837970593,0.12608510147548818,0.1260620123104864,0.12610538894546092,0.12621120482293474,0.1263885348687999,0.12664314859675813,0.1269750859008495,0.12738627777101225,0.1278897166329912,0.12848976558449077,0.12918957906958545,0.12998901344350275,0.1309062577982952,0.13194714805847646,0.13310130900932624,0.1344153996963857,0.13587224246199653,0.13748391654686962,0.13928869176698852,0.14129194369282805,0.14349089908496623,0.14592645930927925,0.14860225659249376,0.15154112009071635,0.15478786267724845,0.158357793825474,0.1622883752877033,0.16661698342698925,0.17137201468903762
-40,0.24499181896483402,0.23215040726552638,0.22088896237951872,0.21099411745328445,0.2022560048564952,0.19448699383564194,0.1875836952058454,0.18142122662146243,0.17590604395831388,0.17096449131583713,0.1665279452699402,0.16253525098716654,0.1589520545876536,0.15570810163582388,0.15278456430343368,0.15016179917394712,0.14775565263821006,0.1455907587153838,0.14363366969383157,0.14187339939445054,0.1566993950693799,0.1538961778475813,0.1513097622941172,0.14892517425712531,0.1467274668816167,0.1447015373051815,0.14284202882796235,0.14113938406310042,0.13959224454778973,0.13817635537613399,0.136894270017307,0.13574061779703211,0.13470845737265022,0.13379332141510825,0.1329910092657718,0.13229759198435592,0.13171018877634022,0.13127245146415165,0.13088846725304154,0.13058571922318754,0.13037355767208939,0.12969605573829818,0.12906872464760222,0.12849977095403517,0.12798703655324822,0.12752942417983965,0.12712591516460992,0.12677548830604707,0.12648027107918314,0.12623774305712115,0.12605190972753405,0.12592283870449117,0.12585116175710187,0.12584240105004968,0.12589485894416766,0.12601351422351176,0.1262049058826642,0.12647153488210508,0.12681172505325297,0.12723730839803488,0.12775549790819277,0.1283627555530517,0.12906534529318464,0.12987481977411416,0.13079856309468402,0.1318388965226804,0.13302011778904002,0.13433359211234056,0.13580454870548803,0.13744052881735586,0.1392566663621667,0.14127009236451565,0.14348591509466557,0.14592492274515698,0.14861566863573122,0.15158044898036113,0.15484428484417873,0.1584387831523582,0.1623934447789625,0.16675244922614574,0.1715363170627263
-38,0.23998944387298937,0.2277184448307047,0.21698802599642997,0.2075120928753973,0.19913159837068595,0.19169114862609227,0.18504969094776968,0.17911953574131245,0.1738113747676846,0.16904582588350947,0.16476114688560872,0.16091934200406127,0.15744258830686836,0.15431015540309406,0.1515008243200483,0.14892858107735502,0.14660460477723997,0.14451081404815774,0.14262092157326817,0.14092157087142476,0.13939990894130289,0.15276542159098405,0.15024641713423414,0.1479238490724855,0.14579058694465635,0.14381796333983557,0.14200785367705834,0.14035085581739742,0.1388451592725305,0.13746947467321805,0.13622543432918477,0.1351070025133193,0.13410904425859604,0.13322710986571357,0.13246089430060504,0.13179377555193614,0.1312317756982921,0.13080496171281475,0.130447047787971,0.13017877356481805,0.1299874541849272,0.12932940032970572,0.1287209930737116,0.12817006049251733,0.1276744458460866,0.12723264815066393,0.12684486476381943,0.12650932002906548,0.12622796370522943,0.12599960877545657,0.12582837189560303,0.12571033492559786,0.12565330452183673,0.12565674319973213,0.1257191718678938,0.12585069803194887,0.12605458518198703,0.1263264366573868,0.1266786373091873,0.12711606124115096,0.1276426501090116,0.12825242636789783,0.12896248576582459,0.12978140977906008,0.1307156849929842,0.1317756975957008,0.13295767562826005,0.13428437621848188,0.13576940254461217,0.13741923656077618,0.13925138423373504,0.14127917470272525,0.14349458065233064,0.14595128956250739,0.14866910179715578,0.1516464393832862,0.15494049107495694,0.15856771053096635,0.16254020158731808,0.16691965197431466,0.17173494114447485
-36,0.23526639119503634,0.22360385150206574,0.21331123902153293,0.20424549342646936,0.1962109905265237,0.189045229144151,0.18265937701340507,0.1769521310322294,0.17182753233257564,0.16722737202435012,0.16309991074020874,0.1593721485193143,0.156013543890197,0.1530014325735103,0.15025102162863968,0.14775893085965264,0.14551397710198632,0.14348488141492433,0.14165923330998842,0.14001718192305274,0.13854669740629633,0.13722180472123624,0.1492276645679798,0.14696635404064312,0.1448880920577726,0.14297024365194785,0.1412098230446483,0.1395971957085376,0.13812711081731519,0.1367947414493753,0.13558720366811974,0.13450288326887958,0.13353718397866837,0.13268535739667342,0.13194355345803013,0.1313084184191073,0.1307803128004662,0.13036611798447537,0.13003697020043364,0.1298023486846976,0.12963180354991202,0.1289930127415633,0.12840321026155094,0.12786971801685326,0.12739065284761247,0.12696463437083402,0.12659084799725406,0.12627054025600523,0.12600152625749259,0.12578756823502274,0.1256266113339273,0.12552224630892456,0.12547605819353402,0.12548690985909283,0.12556247494737288,0.12570669041596913,0.12591669709392322,0.12620077279648095,0.12656598774936792,0.1270103781557442,0.12753706008185542,0.1281582908330761,0.12888231498807107,0.1297160096588604,0.1306594285219641,0.13172111364126363,0.1329173080789544,0.13426131621759288,0.13575391269683845,0.13741914262498092,0.1392627453218408,0.14129519386996545,0.14353172858897054,0.14601491473027278,0.14874943776345648,0.15175439224824167,0.15507164195036394,0.1587242505434674,0.1627144549457119,0.167122297460552,0.1719904801870366
-34,0.23085997992268592,0.21970710410578187,0.20988504239152217,0.20116695990196076,0.19343983439467516,0.18655988079385322,0.18040526355014763,0.1748945489963744,0.16995234788938596,0.16551540497939515,0.16151227499819,0.15790806180971428,0.15467651846586045,0.15173307363584537,0.14906023451082695,0.14664986780638395,0.1444744893575125,0.1425120852613967,0.14074616862016925,0.13916505334030016,0.13773699378625703,0.1364587192952107,0.13531593420711474,0.1460478925169864,0.14402307240673345,0.14215476162353197,0.1404410286823378,0.1388739700801987,0.1374456604982199,0.13615117333470173,0.1349785749883287,0.13392742714180675,0.13299288750007202,0.13217047854205968,0.13145650428495892,0.13084731753028192,0.13034037115505087,0.12994351005951915,0.12965334099897668,0.12944013509444652,0.1292897057371113,0.12867081204690156,0.12810002572726437,0.12758432672395886,0.12712176132056502,0.12671206342165225,0.1263532990261486,0.12604668144614817,0.12579185993938397,0.12559100777155846,0.125438843757621,0.12534735908997807,0.12531135838708868,0.12533516959655228,0.1254239262457612,0.12557661364129244,0.12579693583860957,0.12609344933134958,0.1264603263736496,0.12691122209078592,0.12744995440986526,0.12808468567541484,0.1288223908075411,0.12966800719229044,0.13060835496544296,0.13168614317264743,0.1328998060616866,0.13425934118397595,0.1357606493695401,0.13743643689316548,0.139288476150718,0.1413411871504399,0.14360186971328687,0.14610282009692255,0.14886417014057762,0.15189550937632168,0.15523162824051134,0.15889902205517617,0.1629401928245914,0.16738323321485282,0.1722985716016237
-32,0.22674743119198637,0.21606441503498053,0.20663697930578284,0.19828402428140302,0.19084234970226321,0.1842090298852681,0.17827609526301014,0.17295971521488518,0.16818450829112447,0.16388503233626367,0.16001447737785862,0.15653867222843565,0.1533865963107512,0.1505202439031998,0.1479339254133311,0.14559831953514674,0.14349013409777167,0.14159104948318418,0.13988184189142733,0.1383498639430566,0.13696981955647247,0.13573423266460427,0.13463212608611713,0.13365900871386294,0.14319538734693488,0.1413758782934404,0.13970719372600646,0.13818166212323454,0.13679249712047792,0.13553900592844073,0.134400193345578,0.13338094411886503,0.13247661347019624,0.1316827748387263,0.1309956173253451,0.1304121002591911,0.12992940332033664,0.12954554785791647,0.12928485490391114,0.12909413582315019,0.12896992661255058,0.12837026066996388,0.12781799754867004,0.12731996396971976,0.12687359172282564,0.12647859238922693,0.12613537429601598,0.12583926633868542,0.12559847028714072,0.12540773344918693,0.12527171250936353,0.12519104218054847,0.12516563108863943,0.1252019405869345,0.1252999325868439,0.1254607909657366,0.1256925947603974,0.12600057500469125,0.12637377228558455,0.12683518357143075,0.12738673833161962,0.12803335231663443,0.1287802222039942,0.12962341465908317,0.13058866158297053,0.13167917345821095,0.13290519589711763,0.13427911182838106,0.1357898007918178,0.13747547063968163,0.13934840274974777,0.14142497640653814,0.14370523479914007,0.14623273788419433,0.1490183423757211,0.1520722975954824,0.15542094520712252,0.15912126921594896,0.16320216048382064,0.16770580937288476,0.17266817815215912
-30,0.22291226400918263,0.2126596162530866,0.20359747330456945,0.19555580822826524,0.18839570425899704,0.18200530282916128,0.17627097336438746,0.17112812774740477,0.1665075532374573,0.1623599469635087,0.15860709553512625,0.15522429565313672,0.152148960727017,0.14937380461443134,0.1468653158032906,0.14460030994488227,0.14255833800688122,0.14071938335657092,0.13906746639184542,0.13757824877369867,0.1362432576730005,0.13504923798540258,0.13398505338061367,0.13304589912707732,0.1322069021947891,0.1406307804135811,0.13900535234077804,0.13752090637755665,0.13617045552299312,0.134950600836863,0.1338465945356485,0.132860113471507,0.13198628306389826,0.13122116850234378,0.130561296756325,0.1300030125691575,0.12954418158676276,0.12918491433254145,0.12894625248266092,0.12877600892739832,0.12866593452407904,0.12808563974208276,0.12755195416728923,0.12707091778368723,0.1266414466303736,0.1262615049525831,0.1259322073795516,0.1256527250604187,0.12542403325846863,0.12524615666822914,0.1251230730992124,0.12505123045379227,0.12503839278020454,0.12508569348524767,0.1251913827550481,0.12536473905089052,0.12560946844352414,0.1259169014049935,0.12630522500899252,0.12677852129334258,0.12734204295015267,0.12799866111479424,0.12875394091105896,0.12961942950917407,0.13059132085092354,0.13169591245130244,0.1329370171467366,0.13431364844377833,0.13585028017627648,0.13755264326272815,0.13944452341639713,0.14153778071718454,0.14385355062632643,0.1463932581922304,0.1491881269638215,0.15226973894851564,0.1556660179794253,0.1594104977617087,0.16352610123656475,0.16807924002610264,0.1730999348308588
-28,0.2192944517369393,0.2094656721603983,0.2007599488389018,0.1930011306224539,0.1860899051400276,0.179912953467123,0.17437677652769207,0.1694111575396713,0.16493308281208535,0.16089989640049818,0.15726481407520537,0.15396423487922423,0.15097939612545425,0.1482845284629773,0.14585175605980127,0.143657585329868,0.1416785177087197,0.13989759334632046,0.13829057110742748,0.13684847798835642,0.13555619890159715,0.13440222275138486,0.13338110877978876,0.13246573689380714,0.13165709225696154,0.13094726493094022,0.13833669439551136,0.1368914409395577,0.13557716055490024,0.13439229415139922,0.13332068446119844,0.1323645124866157,0.1315192279647207,0.13078131988672068,0.13014751180714307,0.12961482944219543,0.1291805126833107,0.12884649186723168,0.1286305687474814,0.12848121154428221,0.12839048398088665,0.12782861377867494,0.12731272328490723,0.12684829824946892,0.1264343023789531,0.12606986729197417,0.12575362820328445,0.1254884945337174,0.1252710449015562,0.12510678163524835,0.12499269739438841,0.12493356079793326,0.12493325163403202,0.12498745757392353,0.12510540458667996,0.12529079429318865,0.12554226839001256,0.12585972392009598,0.12626099685055603,0.12674883809605775,0.12732289753330545,0.12798758224994672,0.128755753712172,0.12963394239763984,0.13061936561177245,0.1317363640803663,0.1329825390606591,0.1343777404368557,0.13593442684524604,0.13766638188708918,0.13957073497418473,0.14168919015707931,0.14401602210015566,0.14658123684654775,0.14941239393492511,0.15251318497068447,0.15594492137929786,0.15973149719791202,0.16391045109132857,0.16850409898374766,0.17355456092939048
-26,0.21591546958301133,0.20645852749158783,0.198067465791274,0.19059764246594546,0.18393212973377082,0.17795462074591878,0.17259261987716645,0.1677728105580033,0.16343581124475365,0.15952982081367906,0.15597362362689354,0.1527653250163732,0.14986979985232207,0.14725690926155605,0.14489864523624063,0.14277123904943279,0.14084785031325764,0.13911620353999643,0.1375591520025099,0.13616166761363752,0.13491036694276837,0.1337991225198779,0.132802603198516,0.13191879562379447,0.13113482219705386,0.130446415682792,0.12984737874132748,0.1362914187558015,0.13501677254472408,0.13385933288560325,0.13282001571489777,0.13189446325853024,0.13107796508414798,0.1303673813720745,0.12975929531452515,0.12925036585170824,0.1288387649088071,0.12852867606192792,0.12833396402051306,0.1282042132160277,0.1281320631490445,0.12758788551273673,0.12708925973550914,0.1266412476385335,0.12624245378301788,0.125892304994207,0.12559060283883672,0.1253375523656002,0.1251342799888303,0.12498117284136645,0.12487904565915688,0.12483325458314011,0.12484107141205147,0.1249081583983242,0.12503913870434308,0.1252330207621946,0.12549435580819582,0.12583076242825258,0.12624469347294381,0.12674100313089573,0.127322648259089,0.12800036392929068,0.12878141022851863,0.12967260092148342,0.1306758803822226,0.13179810061987557,0.1330635778449337,0.13447821679780397,0.13605187243865324,0.1378006436493535,0.13973123965240636,0.14185904685319822,0.14420749799966595,0.14680003749203505,0.1496601672324031,0.15281392291507728,0.15628625491313852,0.1601158485278432,0.16432085126742627,0.1689596915842038,0.1740793919384169
-24,0.2127595598623424,0.20364618890124547,0.19554840829150782,0.1883309346126959,0.18188044954004556,0.1761022965932052,0.17092315230262944,0.16624588161571124,0.16201929993723507,0.1582012490625701,0.15475427085513832,0.15164129341208188,0.14883121109810288,0.14629069925722898,0.14399755832753341,0.14192778231812148,0.14006218287617228,0.1383814921372532,0.1368712004128001,0.13552135470038534,0.13430606684173707,0.13322233938602301,0.13225445058506413,0.13139419282142317,0.1306369235484219,0.1299750018684207,0.12940517487785985,0.12891012168669266,0.13447854444484642,0.13335360863318668,0.1323451851648609,0.13144883623087866,0.13065971620892242,0.12997523928359284,0.12939194610596977,0.12890713543860766,0.12851840461072278,0.1282322810477355,0.12805845014227688,0.12794820947026764,0.12789434263621535,0.1273673248412021,0.12688520234240946,0.12645301047218693,0.1260694228793161,0.1257329696093331,0.12544542364047373,0.12520490374686477,0.1250148958394574,0.12487281099218893,0.12478455805335971,0.12474901673976836,0.12476859251174671,0.12484905495119669,0.1249903432479513,0.1251949240247332,0.1254704353953462,0.1258209187077406,0.12624290203188615,0.12674786628578216,0.12734248972658566,0.12803436793001935,0.12882992641138666,0.12972801824513117,0.13074395577962497,0.13188974216773106,0.1331745581310349,0.13460580097027736,0.13619980681269364,0.13796011243210274,0.1399104212925534,0.14206476027382067,0.1444467537229071,0.1470641916378603,0.1499569728458232,0.15314938249663185,0.15665543725711595,0.16052352253055607,0.1647863638930687,0.16948352522632454,0.1746727943952365
-22,0.2098004653695359,0.2010176831056088,0.19319385815197604,0.18621093712497727,0.17996377372585054,0.17436194107640507,0.16932726243319152,0.16477541124684203,0.1606649411305372,0.15695633646375323,0.15360349791225603,0.15057559200710507,0.1478412200975342,0.14537245925744685,0.143144646202502,0.1411356044934164,0.13933126488910547,0.1376956880336352,0.13622649721794122,0.13490907298502564,0.13372821079018998,0.13267004588191822,0.13173046160127733,0.13090027147741815,0.1301749096342304,0.12953625591682835,0.1289836037816437,0.12851101471180312,0.12811283888878472,0.13287493668385647,0.13189630424166587,0.13102776112123488,0.13026564637427776,0.1296069800630226,0.12904851898328273,0.12858738300751876,0.12822142551212554,0.12795976997412645,0.12780736940186654,0.1277167046214261,0.1276810332918035,0.12717118497013086,0.12670549344678592,0.12628863256639802,0.1259196222655432,0.12559773330011476,0.12532248882364178,0.12509584826598913,0.12491631378900557,0.12478769680245469,0.12471091798029225,0.12468625193025919,0.12471933934901423,0.12481046956437598,0.1249607398050632,0.12517766649577947,0.1254657418101195,0.12582331112400325,0.12625891785627766,0.1267801770596843,0.12738622788841136,0.12809200149149536,0.12889427173070656,0.12980786188014865,0.13084247959785286,0.132005963824074,0.13331155428810496,0.13475909454133733,0.13636792758680663,0.1381479624990693,0.1401205357999724,0.14230179111685276,0.14471140364991447,0.1473720312906881,0.15029452728841877,0.15351730175152659,0.1570758858298094,0.1609860926565124,0.16529677858765604,0.17006064272654092,0.1753268175263528
-20,0.20700878913308968,0.1985314041639834,0.19097391949912418,0.18423036745427324,0.17817336538503242,0.17272103197185518,0.16780195103156564,0.16337075215903468,0.15937499461125848,0.15577035993059057,0.15251676333444947,0.14957874480952338,0.14692242694623592,0.14451843878554932,0.14234960977520683,0.14039308400255668,0.13862953809374795,0.13704242502508351,0.13561536196258206,0.13432806746549808,0.1331775177914944,0.13215429973231593,0.13124307590549356,0.13043910402240505,0.12973401092396347,0.12912010038174235,0.12859011770018794,0.12813865761598656,0.12776024391217095,0.12744951268190174,0.13147263952253363,0.1306315528590496,0.12989556950977676,0.12926174060221038,0.12872682652528855,0.12828824792126386,0.12794824419848752,0.1277096066294474,0.12757689672852357,0.12750487987905657,0.12748676593644415,0.12699336432559458,0.1265441800025799,0.1261429866502694,0.12578855576621914,0.1254811335885957,0.1252201777768694,0.1250063893427662,0.12483863397529787,0.12472303035447858,0.12465641980291933,0.12464489670247375,0.12468882640876548,0.12478910237016545,0.12495259594905865,0.12518255787515192,0.12547725714418323,0.12584557219660086,0.12629424640886983,0.12682905338390307,0.12745098069532731,0.12816650299079374,0.128988092794192,0.12991871270188476,0.13096965847433578,0.13215118520947172,0.13346531338814593,0.13493099223920757,0.1365605711666958,0.13836824119043314,0.1403725372510162,0.142587975835493,0.14501950975957678,0.14770134639093194,0.15066399981726147,0.15393127879130056,0.15753047788011937,0.1615003241532102,0.16587680912779373,0.17071673243373434,0.17604697569663574
-18,0.20440379990624746,0.1962017913236272,0.1888815268664708,0.18233366052096062,0.17644742537833125,0.17114764930170645,0.16636998056794083,0.1620605708839445,0.15817329965409177,0.15466450235003387,0.15149689132319605,0.14863515683975154,0.1460464271253572,0.1437079031544905,0.14159674794047572,0.13969344097046954,0.13797858552170683,0.1364269379561443,0.1350290652379233,0.1337768640192375,0.13265835162173523,0.13166322129146915,0.13078156536997285,0.13000445455253512,0.12932413969372072,0.1287334588923524,0.12822528789294854,0.12779391088437328,0.1274341842398213,0.1271404867942473,0.1269097250121755,0.13026343638082455,0.12955161758264988,0.12894090936222866,0.12842845710684686,0.12801167826784127,0.127688429885567,0.1274731672546117,0.1273606216840943,0.12730729535079163,0.12730711032354683,0.1268304545342127,0.12639749932186858,0.12601165730772124,0.12567267255374914,0.12537877178085557,0.12513173000934485,0.12493056838138109,0.12477851710979879,0.1246733691460916,0.12462109979646376,0.12462184225166266,0.12467661153688565,0.12478543126074591,0.12496188828652284,0.1251990213943776,0.12550633716249232,0.12588997328927598,0.1263543999196165,0.1268985345461841,0.12753257785352584,0.12826377317964938,0.12910072766565278,0.1300516413278579,0.13111704200061758,0.13231226214945063,0.13365030192599986,0.13513493798173867,0.13678768569692876,0.13862186581865849,0.14064761006153473,0.14287859869577946,0.1453450358226223,0.1480686620519812,0.15107725429580904,0.15439495572132883,0.15805183320508256,0.1620816033437315,0.16651439750956154,0.1713988157413195,0.17680075861364106
-16,0.20197302916706267,0.19402737734819475,0.1869149424686437,0.18053076354342257,0.17480125328172896,0.16964894773195982,0.16500967838240116,0.16082530867013006,0.1570485973012241,0.1536356015512208,0.15055163564739082,0.14776125603569878,0.14523639786526688,0.1429556395215823,0.1408891201718856,0.1390225692268579,0.1373419381358234,0.13583082761635346,0.13447397244432346,0.13325873568860983,0.13217417710243143,0.13120925632904817,0.13035555518212197,0.12960470951220396,0.1289521777672255,0.1283817706921952,0.12788871778416475,0.12747191345538217,0.12712608566433273,0.12684595384252367,0.1266276828599646,0.12646698560421005,0.12922413263286187,0.12863705862088973,0.1281471682533865,0.1277520667823033,0.12745007691807334,0.12725806636610246,0.12716539461491216,0.12713054343602645,0.12714746301941265,0.1266869916657331,0.12626987508183132,0.12589881152823262,0.12557350819372912,0.12529379143103686,0.12505862423698474,0.12487086652875387,0.12472905125555438,0.12463719241531558,0.12459650951940587,0.12460708538094446,0.1246748405252485,0.12480172499343185,0.1249868500182092,0.12523883654091408,0.12556213074996736,0.12596031272841773,0.12643391982970947,0.1269877428449945,0.1276364455582456,0.12838429120709174,0.12923802576574636,0.13019798159749008,0.1312808805216823,0.13249461220790143,0.13385170622900344,0.13536521305750396,0.1370440977392544,0.1388980896338218,0.1409502745898047,0.1432182242047292,0.1457254957465025,0.148499180324855,0.15154869751755753,0.15491021009007186,0.15860392272805576,0.16267594285865794,0.16717135798992522,0.17213756690278142,0.17763171167433475
-14,0.199689831931961,0.19195590887318265,0.1850381513312342,0.17883674259156546,0.17326560182337497,0.16825292001442171,0.16373602967595813,0.1596602303642502,0.15597969408564044,0.15265205217931987,0.14964336599776812,0.14692375550540548,0.14446004937411328,0.1422294203544408,0.14021482798017265,0.13839724837732414,0.13675893491576768,0.13528608155974609,0.13396387069592158,0.13278039762609384,0.13172494150035008,0.1307867869936103,0.1299577392528991,0.129225250744345,0.1285852127841376,0.12803233511643372,0.12756034820379858,0.12716307160648743,0.12683531919393662,0.12657262635571748,0.1263704226783441,0.12622490102683204,0.12613269894087925,0.12835739722052203,0.12788977702205334,0.1275162907048212,0.12723531558091655,0.1270664512452463,0.12699344145302674,0.12697689262516063,0.1270110907280703,0.12656667368806812,0.12616511492214505,0.12580919174852212,0.12549786067340776,0.12523096715825482,0.1250091440950913,0.12483276262641271,0.12470372194116525,0.1246241491378203,0.12459349366818966,0.1246172740955009,0.12469709864313756,0.12483212510144949,0.12503041206039622,0.12529584813050798,0.1256291597864347,0.12603539697027047,0.12652272210725876,0.12709653198043527,0.12776374632069096,0.12852458751138318,0.129391239767115,0.13037295278007785,0.13147831300432017,0.13271689091718059,0.13409753583360345,0.13561874753161554,0.13731437160721263,0.13919635589315937,0.14128266803880515,0.14359054930645565,0.14613817015665048,0.14894589681336542,0.152032736904667,0.15543607603247675,0.1591919435450163,0.1633325703162315,0.167906319900476,0.17296004795769437,0.17855385132040705
-12,0.19751675793626106,0.190009944446341,0.1832885717568542,0.17725763330251676,0.17183693038706865,0.16695566403338774,0.1625535445960264,0.15857988870005213,0.15498968593917034,0.15173878212247882,0.148788974589789,0.14612181176479755,0.14371149707711772,0.14153421136734212,0.1395681299914523,0.1377933420698944,0.13619566577804887,0.1347600331185253,0.13347357877640964,0.13232469647878414,0.13129862078659332,0.1303851143240744,0.12957801153338716,0.12887002464318048,0.1282563334726426,0.1277232641871604,0.12726950798811604,0.12688932349911558,0.12657755763746228,0.1263275803200332,0.1261375522311721,0.12600402524993845,0.1259236036330777,0.12589272994078984,0.12765483563601537,0.12730185934261523,0.1270407352468281,0.12689455356091606,0.1268402032540756,0.12684131714043917,0.1268921239116146,0.12646318212561186,0.12607701083322997,0.12573550150817964,0.12543848224079146,0.1251855963141406,0.1249772468716345,0.12481399261554449,0.12469816375411337,0.12462963096746676,0.12461319942164899,0.12464914947071103,0.12473931208725446,0.12488930410285504,0.12510281799434897,0.12537783744478725,0.12572439369250796,0.12614701002053214,0.12664935445035116,0.12723641097584693,0.12791039342468244,0.12868436605811637,0.12956625565975122,0.1305646184757419,0.13168792854453257,0.1329383744985524,0.13433445639692573,0.1358893727063301,0.13761672214048956,0.1395331153825086,0.14165681039353234,0.14400079352530515,0.1465795814713047,0.14942504141920038,0.1525640786827326,0.15602802952045428,0.15984942641522268,0.16406441173720895,0.16872066664749796,0.1738535555956904,0.17953653835648242
-10,0.19549262129534983,0.18819756291055545,0.1816598627883496,0.17579058920918866,0.1705107911021856,0.16575228732743585,0.16145868682881925,0.15756695368075663,0.1540475326071103,0.1508628988780245,0.1479831163255662,0.14537819683021935,0.1430242248471903,0.14089755139304622,0.138977343946236,0.13724409538844373,0.13568437504021563,0.13427750153592413,0.13301666473101875,0.13189156969744234,0.13088957557538597,0.13000147944656665,0.1292180783404733,0.12853201998531966,0.12793614216444218,0.1274236182784178,0.1269855728412701,0.12662027584595956,0.12632273257362747,0.12608850516878042,0.12591382928729972,0.12579506334552915,0.12572774221323538,0.1257088026019752,0.12573703403819847,0.1271036764962186,0.12686287337036167,0.12673949888270453,0.12670404632578292,0.12672253647222043,0.12678991851767535,0.1263761451571977,0.12600462750498836,0.12567753683579855,0.12539359623952712,0.12515387112608045,0.12495748881091033,0.12480725485660606,0.12470226104628122,0.12464708391920322,0.12464181188428425,0.12468871922855301,0.12479282814938117,0.12495616274307325,0.12517862362670826,0.12546785862408943,0.12582876845034438,0.12626641902521582,0.12677955013250722,0.12737910594435442,0.12807206976462118,0.1288664922375632,0.12977042761702973,0.13078440495004084,0.13192271548107776,0.13319818107337822,0.13462238533748236,0.13620760045728122,0.13796845442860364,0.1399139525179555,0.14206462924844113,0.14444354763711945,0.1470677899985121,0.14996430006127742,0.1531601415459337,0.15668795973409855,0.16057230350237325,0.16485125714764828,0.1695796101729622,0.1748106607275129,0.1806051170678366
-8,0.19359543140414942,0.1865191702586293,0.1801490463001701,0.174430591404732,0.16926974862468885,0.16461148578153945,0.16040592863674352,0.1566065319175663,0.15316854169917482,0.15005752249777665,0.1472431969079347,0.14469741332983554,0.14239678675788076,0.1403161983110522,0.1384305612761571,0.13672933085145034,0.1351993518181864,0.1338256750365122,0.1325964562621178,0.1315004092368948,0.13052459237007197,0.12966081005722196,0.1288973166081677,0.12822771166853897,0.12764749071597015,0.12715007990091842,0.12672992483130724,0.126381199814267,0.12609946382476783,0.12587796268890608,0.12571515691620966,0.12560794223402888,0.12555289518034715,0.12554707012015448,0.12558647160557154,0.12567073062689668,0.12670743142226895,0.12660681592065653,0.12658971399010502,0.12662535598487218,0.12670891524061217,0.1263103190898773,0.12595372768975283,0.1256404373535727,0.12537085257555536,0.12514406008519374,0.124961809320099,0.12482314936113321,0.1247323361707712,0.12468834241206989,0.12469528570629038,0.12475674661515536,0.12487220809076363,0.1250465566537976,0.12528457702283718,0.12558991415627568,0.12596266093348854,0.1264113451551862,0.12694211413274312,0.12756057042210087,0.128273699835652,0.12908201176202144,0.12999978643335014,0.13103607743470103,0.13219991312137738,0.13350274784187166,0.1349566262450554,0.13656372347072476,0.1383489159183361,0.14032872745459052,0.14251970115790272,0.14494229995384764,0.1476150051596641,0.1505651769513313,0.15380907782735856,0.15738997208243333,0.1613390358041777,0.16570087629746605,0.17050617282731745,0.17583128858881797,0.18173396773144035
-6,0.19176117039378043,0.18487196923774019,0.1786754941482832,0.17308793370985404,0.16805243065151315,0.16350765971448783,0.1594018464310557,0.15568940176284374,0.15233229860424946,0.14929558921867425,0.1465478025375539,0.14406341156147767,0.14180427851869587,0.1397628874423621,0.1379194506718403,0.13625687306655207,0.13476245961776398,0.13342140568332284,0.13222206463886343,0.13114763480849534,0.13019174757865193,0.12934688330342564,0.1286039591482525,0.12795528696891365,0.1273946167137184,0.1269149569303379,0.1265082983325944,0.12617265121742485,0.12590358071867508,0.12569673935669598,0.1255485231691682,0.12545306361645753,0.1254092510814942,0.12541482401164905,0.12546714878468795,0.1255627051888156,0.12570147403017623,0.1265082260238899,0.12650949165769623,0.12656213684385753,0.12666166378382843,0.12627772848273444,0.12593582531406405,0.12563696992533968,0.12538018050654048,0.12516707776572444,0.12499715462377653,0.12487302012098371,0.12479289522737876,0.12476225961524078,0.12478276476701328,0.12485438258447197,0.12498315079219845,0.1251726632502767,0.1254236354805273,0.1257397309280614,0.12612797144257465,0.1265941191611635,0.12714292480372508,0.12777410027862607,0.12850066122314396,0.12932994607356896,0.1302705751865317,0.13133121131407915,0.13251850832489437,0.1338412357264233,0.1353162913621376,0.13696525394913414,0.13877861163409422,0.1407870048698353,0.14300995060762417,0.14546659325737699,0.14817201295086505,0.1511542673660457,0.1544460285326717,0.15808175851440853,0.16209826536736255,0.16653770314170718,0.17144564140147134,0.17688000709986007,0.18289169254555937
-4,0.19003233839154887,0.183301227566592,0.17724705976653493,0.17179557549557994,0.16687978472921033,0.16244063327109293,0.15842843043864113,0.15479904557106217,0.15151444840570272,0.14853351391618763,0.14583594033711378,0.14339572549288998,0.14118943764976527,0.13919671777171308,0.13739851013285753,0.135776036535875,0.13431761817027052,0.1330028233290865,0.13182552685029844,0.1307758747704178,0.12984418649553495,0.12902174203039307,0.128300722237233,0.12767300986591304,0.12712871744178947,0.12666607753988907,0.12627889548343277,0.1259623042849879,0.12571136543274103,0.1255189303506633,0.12538400127958094,0.1253034976546478,0.12527438522947615,0.1252923053040012,0.12535662038059697,0.12546561934990189,0.12561632503708883,0.12580855384584297,0.12644262013088678,0.12651229908579553,0.12662805077341566,0.12625880989265195,0.12593107152111888,0.12564527597904143,0.12540186379885487,0.12520001433273245,0.12504253079761365,0.1249283923997665,0.12486100293369037,0.12484250141640323,0.1248723294311816,0.1249562897047889,0.1250965461534243,0.1252939463621029,0.1255539081736386,0.12588234900718767,0.12628397000225255,0.126762812692438,0.12732178991116094,0.1279709857909155,0.12871645074464422,0.12956657558851095,0.1305294695301846,0.13160720327386952,0.13281482625941077,0.13416287677824165,0.13566458610754525,0.1373322095928787,0.13918225494863198,0.14122786715548116,0.14348410524687688,0.145976681096859,0.1487297973833333,0.1517703851824067,0.15512698783634987,0.15883630310223673,0.16293394808828565,0.1674520089436371,0.17244750150057203,0.17798200122271784,0.1841227268028381
-2,0.1883993268109836,0.1818322402568434,0.17592283467803133,0.17059997699066476,0.16579649297925958,0.1614520930713758,0.1575156079213338,0.15395351309239713,0.15073210117538677,0.14781508420510114,0.14517535702926476,0.1427868736129146,0.14062744728899912,0.13867557033635436,0.13690821011366178,0.1353141723539121,0.1338818493959855,0.1325974515906819,0.1314479296224677,0.13042457645121086,0.12951549315614935,0.1287098721076314,0.1280055117123525,0.12739385070891857,0.12686896514456117,0.12642445494917842,0.12605202373847046,0.12574765518092104,0.12550891841786876,0.12533121215101872,0.12521043061563386,0.1251410177427157,0.12512337620233493,0.12515450725228577,0.1252306512393666,0.12535125768226477,0.12551473605882563,0.12571909586331198,0.12596448887963674,0.12644659671631875,0.1265776300455881,0.12622273241361465,0.1259093621576227,0.12563768636587472,0.12540684732220853,0.1252188254481476,0.12507293788999468,0.12497236226787128,0.12491694780903656,0.12490965020234458,0.12495375727291502,0.1250502453068309,0.12520158233848205,0.1254130774226871,0.12568914545861645,0.12603231769201184,0.12644610978269885,0.1269390692204393,0.1275170814032178,0.12818643288188408,0.12895102801506947,0.1298173828277283,0.13079692086612757,0.13189925477385703,0.13313438442302045,0.13451187332081396,0.136045143628569,0.13773916747475676,0.13961717813441782,0.14169791777404717,0.14399914869131472,0.14654159823256524,0.14935021613552824,0.15245221630712374,0.15586927536523998,0.15964238765097288,0.16381143752466393,0.16842139863172811,0.17352384921672037,0.1791812067943001,0.18546080929242376
0,0.18688473785053344,0.18047295499149557,0.17469439917456114,0.16947756749772286,0.16476671854473923,0.1605085496053238,0.1566556313784917,0.15316978296190042,0.1500158971056632,0.14715973827320433,0.14457176210066253,0.14222275444459587,0.14009897558992512,0.13818148070604067,0.13645169997085504,0.13489283505549274,0.1334925200275798,0.1322356260746536,0.13110642344363915,0.130102268824431,0.1292127192667997,0.12843001864629594,0.12774634172993868,0.1271535491209133,0.12664205453748748,0.12621072561954172,0.12585350392137779,0.12556551015653328,0.125340994084756,0.12517450632781973,0.12506536259893059,0.12501028981339604,0.12500471739729924,0.12504714200361966,0.1251363981561241,0.12526895027683915,0.1254448479260415,0.1256621205705495,0.12592067801006107,0.12621999503787934,0.12656109307094165,0.12621999503787934,0.12592067801006107,0.1256621205705495,0.1254448479260415,0.12526895027683915,0.1251363981561241,0.12504714200361966,0.12500471739729924,0.12501028981339604,0.12506536259893059,0.12517450632781973,0.125340994084756,0.12556551015653328,0.12585350392137779,0.12621072561954172,0.12664205453748748,0.1271535491209133,0.12774634172993868,0.12843001864629594,0.1292127192667997,0.130102268824431,0.13110642344363915,0.1322356260746536,0.1334925200275798,0.13489283505549274,0.13645169997085504,0.13818148070604067,0.14009897558992512,0.14222275444459587,0.14457176210066253,0.14715973827320433,0.1500158971056632,0.15316978296190042,0.1566556313784917,0.1605085496053238,0.16476671854473923,0.16947756749772286,0.17469439917456114,0.18047295499149557,0.18688473785053344
2,0.18546080929242376,0.1791812067943001,0.17352384921672037,0.16842139863172811,0.16381143752466393,0.15964238765097288,0.15586927536523998,0.15245221630712374,0.14935021613552824,0.14654159823256524,0.14399914869131472,0.14169791777404717,0.13961717813441782,0.13773916747475676,0.136045143628569,0.13451187332081396,0.13313438442302045,0.13189925477385703,0.13079692086612757,0.1298173828277283,0.12895102801506947,0.12818643288188408,0.1275170814032178,0.1269390692204393,0.12644610978269885,0.12603231769201184,0.12568914545861645,0.1254130774226871,0.12520158233848205,0.1250502453068309,0.12495375727291502,0.12490965020234458,0.12491694780903656,0.12497236226787128,0.12507293788999468,0.1252188254481476,0.12540684732220853,0.12563768636587472,0.1259093621576227,0.12622273241361465,0.1265776300455881,0.1262505994440918,0.12596448887963674,0.12571909586331198,0.12551473605882563,0.12535125768226477,0.1252306512393666,0.12515450725228577,0.12512337620233493,0.1251410177427157,0.12521043061563386,0.12533121215101872,0.12550891841786876,0.12574765518092104,0.12605202373847046,0.12642445494917842,0.12686896514456117,0.12739385070891857,0.1280055117123525,0.1287098721076314,0.12951549315614935,0.13042457645121086,0.1314479296224677,0.1325974515906819,0.1338818493959855,0.1353141723539121,0.13690821011366178,0.13867557033635436,0.14062744728899912,0.1427868736129146,0.14517535702926476,0.14781508420510114,0.15073210117538677,0.15395351309239713,0.1575156079213338,0.1614520930713758,0.16579649297925958,0.17059997699066476,0.17592283467803133,0.1818322402568434,0.1883993268109836
4,0.1841227268028381,0.17798200122271784,0.17244750150057203,0.1674520089436371,0.16293394808828565,0.15883630310223673,0.15512698783634987,0.1517703851824067,0.1487297973833333,0.145976681096859,0.14348410524687688,0.14122786715548116,0.13918225494863198,0.1373322095928787,0.13566458610754525,0.13416287677824165,0.13281482625941077,0.13160720327386952,0.1305294695301846,0.12956657558851095,0.12871645074464422,0.1279709857909155,0.12732178991116094,0.126762812692438,0.12628397000225255,0.12588234900718767,0.1255539081736386,0.1252939463621029,0.1250965461534243,0.1249562897047889,0.1248723294311816,0.12484250141640323,0.12486100293369037,0.1249283923997665,0.12504253079761365,0.12520001433273245,0.12540186379885487,0.12564527597904143,0.12593107152111888,0.12625880989265195,0.12662805077341566,0.12651229908579553,0.12604135583808151,0.12580855384584297,0.12561632503708883,0.12546561934990189,0.12535662038059697,0.1252923053040012,0.12527438522947615,0.1253034976546478,0.12538400127958094,0.1255189303506633,0.12571136543274103,0.1259623042849879,0.12627889548343277,0.12666607753988907,0.12712871744178947,0.12767300986591304,0.128300722237233,0.12902174203039307,0.12984418649553495,0.1307758747704178,0.13182552685029844,0.1330028233290865,0.13431761817027052,0.135776036535875,0.13739851013285753,0.13919671777171308,0.14118943764976527,0.14339572549288998,0.14583594033711378,0.14853351391618763,0.15151444840570272,0.15479904557106217,0.15842843043864113,0.16244063327109293,0.16687978472921033,0.17179557549557994,0.17724705976653493,0.183301227566592,0.19003233839154887
6,0.18289169254555937,0.17688000709986007,0.17144564140147134,0.16653770314170718,0.16209826536736255,0.15808175851440853,0.1544460285326717,0.1511542673660457,0.14817201295086505,0.14546659325737699,0.14300995060762417,0.1407870048698353,0.13877861163409422,0.13696525394913414,0.1353162913621376,0.1338412357264233,0.13251850832489437,0.13133121131407915,0.1302705751865317,0.12932994607356896,0.12850066122314396,0.12777410027862607,0.12714292480372508,0.1265941191611635,0.12612797144257465,0.1257397309280614,0.1254236354805273,0.1251726632502767,0.12498315079219845,0.12485438258447197,0.12478276476701328,0.12476225961524078,0.12479289522737876,0.12487302012098371,0.12499715462377653,0.12516707776572444,0.12538018050654048,0.12563696992533968,0.12593582531406405,0.12627772848273444,0.12666166378382843,0.12656213684385753,0.12650949165769623,0.12588155716368338,0.12570147403017623,0.1255627051888156,0.12546714878468795,0.12541482401164905,0.1254092510814942,0.12545306361645753,0.1255485231691682,0.12569673935669598,0.12590358071867508,0.12617265121742485,0.1265082983325944,0.1269149569303379,0.1273946167137184,0.12795528696891365,0.1286039591482525,0.12934688330342564,0.13019174757865193,0.13114763480849534,0.13222206463886343,0.13342140568332284,0.13476245961776398,0.13625687306655207,0.1379194506718403,0.1397628874423621,0.14180427851869587,0.14406341156147767,0.1465478025375539,0.14929558921867425,0.15233229860424946,0.15568940176284374,0.1594018464310557,0.16350765971448783,0.16805243065151315,0.17308793370985404,0.1786754941482832,0.18487196923774019,0.19176117039378043
8,0.18173396773144035,0.17583128858881797,0.17050617282731745,0.16570087629746605,0.1613390358041777,0.15738997208243333,0.15380907782735856,0.1505651769513313,0.1476150051596641,0.14494229995384764,0.14251970115790272,0.14032872745459052,0.1383489159183361,0.13656372347072476,0.1349566262450554,0.13350274784187166,0.13219991312137738,0.13103607743470103,0.12999978643335014,0.12908201176202144,0.128273699835652,0.12756057042210087,0.12694211413274312,0.1264113451551862,0.12596266093348854,0.12558991415627568,0.12528457702283718,0.1250465566537976,0.12487220809076363,0.12475674661515536,0.12469528570629038,0.12468834241206989,0.1247323361707712,0.12482314936113321,0.124961809320099,0.12514406008519374,0.12537085257555536,0.1256404373535727,0.12595372768975283,0.1263103190898773,0.12670891524061217,0.12662535598487218,0.12658971399010502,0.12660681592065653,0.1257980748999095,0.12567073062689668,0.12558647160557154,0.12554707012015448,0.12555289518034715,0.12560794223402888,0.12571515691620966,0.12587796268890608,0.12609946382476783,0.126381199814267,0.12672992483130724,0.12715007990091842,0.12764749071597015,0.12822771166853897,0.1288973166081677,0.12966081005722196,0.13052459237007197,0.1315004092368948,0.1325964562621178,0.1338256750365122,0.1351993518181864,0.13672933085145034,0.1384305612761571,0.1403161983110522,0.14239678675788076,0.14469741332983554,0.1472431969079347,0.15005752249777665,0.15316854169917482,0.1566065319175663,0.16040592863674352,0.16461148578153945,0.16926974862468885,0.174430591404732,0.1801490463001701,0.1865191702586293,0.19359543140414942
10,0.1806051170678366,0.1748106607275129,0.1695796101729622,0.16485125714764828,0.16057230350237325,0.15668795973409855,0.1531601415459337,0.14996430006127742,0.1470677899985121,0.14444354763711945,0.14206462924844113,0.1399139525179555,0.13796845442860364,0.13620760045728122,0.13462238533748236,0.13319818107337822,0.13192271548107776,0.13078440495004084,0.12977042761702973,0.1288664922375632,0.12807206976462118,0.12737910594435442,0.12677955013250722,0.12626641902521582,0.12582876845034438,0.12546785862408943,0.12517862362670826,0.12495616274307325,0.12479282814938117,0.12468871922855301,0.12464181188428425,0.12464708391920322,0.12470226104628122,0.12480725485660606,0.12495748881091033,0.12515387112608045,0.12539359623952712,0.12567753683579855,0.12600462750498836,0.1263761451571977,0.12678991851767535,0.12672253647222043,0.12670404632578292,0.12673949888270453,0.12686287337036167,0.12581020604830156,0.12573703403819847,0.1257088026019752,0.12572774221323538,0.12579506334552915,0.12591382928729972,0.12608850516878042,0.12632273257362747,0.12662027584595956,0.1269855728412701,0.1274236182784178,0.12793614216444218,0.12853201998531966,0.1292180783404733,0.13000147944656665,0.13088957557538597,0.13189156969744234,0.13301666473101875,0.13427750153592413,0.13568437504021563,0.13724409538844373,0.138977343946236,0.14089755139304622,0.1430242248471903,0.14537819683021935,0.1479831163255662,0.1508628988780245,0.1540475326071103,0.15756695368075663,0.16145868682881925,0.16575228732743585,0.1705107911021856,0.17579058920918866,0.1816598627883496,0.18819756291055545,0.19549262129534983
12,0.17953653835648242,0.1738535555956904,0.16872066664749796,0.16406441173720895,0.15984942641522268,0.15602802952045428,0.1525640786827326,0.14942504141920038,0.1465795814713047,0.14400079352530515,0.14165681039353234,0.1395331153825086,0.13761672214048956,0.1358893727063301,0.13433445639692573,0.1329383744985524,0.13168792854453257,0.1305646184757419,0.12956625565975122,0.12868436605811637,0.12791039342468244,0.12723641097584693,0.12664935445035116,0.12614701002053214,0.12572439369250796,0.12537783744478725,0.12510281799434897,0.12488930410285504,0.12473931208725446,0.12464914947071103,0.12461319942164899,0.12462963096746676,0.12469816375411337,0.12481399261554449,0.1249772468716345,0.1251855963141406,0.12543848224079146,0.12573550150817964,0.12607701083322997,0.12646318212561186,0.1268921239116146,0.12684131714043917,0.1268402032540756,0.12689455356091606,0.1270407352468281,0.12730185934261523,0.12590910247785658,0.12589272994078984,0.1259236036330777,0.12600402524993845,0.1261375522311721,0.1263275803200332,0.12657755763746228,0.12688932349911558,0.12726950798811604,0.1277232641871604,0.1282563334726426,0.12887002464318048,0.12957801153338716,0.1303851143240744,0.13129862078659332,0.13232469647878414,0.13347357877640964,0.1347600331185253,0.13619566577804887,0.1377933420698944,0.1395681299914523,0.14153421136734212,0.14371149707711772,0.14612181176479755,0.148788974589789,0.15173878212247882,0.15498968593917034,0.15857988870005213,0.1625535445960264,0.16695566403338774,0.17183693038706865,0.17725763330251676,0.1832885717568542,0.190009944446341,0.19751675793626106
14,0.17855385132040705,0.17296004795769437,0.167906319900476,0.1633325703162315,0.1591919435450163,0.15543607603247675,0.152032736904667,0.14894589681336542,0.14613817015665048,0.14359054930645565,0.14128266803880515,0.13919635589315937,0.13731437160721263,0.13561874753161554,0.13409753583360345,0.13271689091718059,0.13147831300432017,0.13037295278007785,0.129391239767115,0.12852458751138318,0.12776374632069096,0.12709653198043527,0.12652272210725876,0.12603539697027047,0.1256291597864347,0.12529584813050798,0.12503041206039622,0.12483212510144949,0.12469709864313756,0.1246172740955009,0.12459349366818966,0.1246241491378203,0.12470372194116525,0.12483276262641271,0.1250091440950913,0.12523096715825482,0.12549786067340776,0.12580919174852212,0.12616511492214505,0.12656667368806812,0.1270110907280703,0.12697689262516063,0.12699344145302674,0.1270664512452463,0.12723531558091655,0.1275162907048212,0.12788977702205334,0.12608938196640987,0.12613269894087925,0.12622490102683204,0.1263704226783441,0.12657262635571748,0.12683531919393662,0.12716307160648743,0.12756034820379858,0.12803233511643372,0.1285852127841376,0.129225250744345,0.1299577392528991,0.1307867869936103,0.13172494150035008,0.13278039762609384,0.13396387069592158,0.13528608155974609,0.13675893491576768,0.13839724837732414,0.14021482798017265,0.1422294203544408,0.14446004937411328,0.14692375550540548,0.14964336599776812,0.15265205217931987,0.15597969408564044,0.1596602303642502,0.16373602967595813,0.16825292001442171,0.17326560182337497,0.17883674259156546,0.1850381513312342,0.19195590887318265,0.199689831931961
16,0.17763171167433475,0.17213756690278142,0.16717135798992522,0.16267594285865794,0.15860392272805576,0.15491021009007186,0.15154869751755753,0.148499180324855,0.1457254957465025,0.1432182242047292,0.1409502745898047,0.1388980896338218,0.1370440977392544,0.13536521305750396,0.13385170622900344,0.13249461220790143,0.1312808805216823,0.13019798159749008,0.12923802576574636,0.12838429120709174,0.1276364455582456,0.1269877428449945,0.12643391982970947,0.12596031272841773,0.12556213074996736,0.12523883654091408,0.1249868500182092,0.12480172499343185,0.1246748405252485,0.12460708538094446,0.12459650951940587,0.12463719241531558,0.12472905125555438,0.12487086652875387,0.12505862423698474,0.12529379143103686,0.12557350819372912,0.12589881152823262,0.12626987508183132,0.1266869916657331,0.12714746301941265,0.12713054343602645,0.12716539461491216,0.12725806636610246,0.12745007691807334,0.1277520667823033,0.1281471682533865,0.12863705862088973,0.1263603969901596,0.12646698560421005,0.1266276828599646,0.12684595384252367,0.12712608566433273,0.12747191345538217,0.12788871778416475,0.1283817706921952,0.1289521777672255,0.12960470951220396,0.13035555518212197,0.13120925632904817,0.13217417710243143,0.13325873568860983,0.13447397244432346,0.13583082761635346,0.1373419381358234,0.1390225692268579,0.1408891201718856,0.1429556395215823,0.14523639786526688,0.14776125603569878,0.15055163564739082,0.1536356015512208,0.1570485973012241,0.16082530867013006,0.16500967838240116,0.16964894773195982,0.17480125328172896,0.18053076354342257,0.1869149424686437,0.19402737734819475,0.20197302916706267
18,0.17680075861364106,0.1713988157413195,0.16651439750956154,0.1620816033437315,0.15805183320508256,0.15439495572132883,0.15107725429580904,0.1480686620519812,0.1453450358226223,0.14287859869577946,0.14064761006153473,0.13862186581865849,0.13678768569692876,0.13513493798173867,0.13365030192599986,0.13231226214945063,0.13111704200061758,0.1300516413278579,0.12910072766565278,0.12826377317964938,0.12753257785352584,0.1268985345461841,0.1263543999196165,0.12588997328927598,0.12550633716249232,0.1251990213943776,0.12496188828652284,0.12478543126074591,0.12467661153688565,0.12462184225166266,0.12462109979646376,0.1246733691460916,0.12477851710979879,0.12493056838138109,0.12513173000934485,0.12537877178085557,0.12567267255374914,0.12601165730772124,0.12639749932186858,0.1268304545342127,0.12730711032354683,0.12730729535079163,0.1273606216840943,0.1274731672546117,0.127688429885567,0.12801167826784127,0.12842845710684686,0.12894090936222866,0.12955161758264988,0.12673321524095613,0.1269097250121755,0.1271404867942473,0.1274341842398213,0.12779391088437328,0.12822528789294854,0.1287334588923524,0.12932413969372072,0.13000445455253512,0.13078156536997285,0.13166322129146915,0.13265835162173523,0.1337768640192375,0.1350290652379233,0.1364269379561443,0.13797858552170683,0.13969344097046954,0.14159674794047572,0.1437079031544905,0.1460464271253572,0.14863515683975154,0.15149689132319605,0.15466450235003387,0.15817329965409177,0.1620605708839445,0.16636998056794083,0.17114764930170645,0.17644742537833125,0.18233366052096062,0.1888815268664708,0.1962017913236272,0.20440379990624746
20,0.17604697569663574,0.17071673243373434,0.16587680912779373,0.1615003241532102,0.15753047788011937,0.15393127879130056,0.15066399981726147,0.14770134639093194,0.14501950975957678,0.142587975835493,0.1403725372510162,0.13836824119043314,0.1365605711666958,0.13493099223920757,0.13346531338814593,0.13215118520947172,0.13096965847433578,0.12991871270188476,0.128988092794192,0.12816650299079374,0.12745098069532731,0.12682905338390307,0.12629424640886983,0.12584557219660086,0.12547725714418323,0.12518255787515192,0.12495259594905865,0.12478910237016545,0.12468882640876548,0.12464489670247375,0.12465641980291933,0.12472303035447858,0.12483863397529787,0.1250063893427662,0.1252201777768694,0.1254811335885957,0.12578855576621914,0.1261429866502694,0.1265441800025799,0.12699336432559458,0.12748676593644415,0.12750487987905657,0.12757689672852357,0.1277096066294474,0.12794824419848752,0.12828824792126386,0.12872682652528855,0.12926174060221038,0.12989556950977676,0.1306315528590496,0.12720158979004423,0.12744951268190174,0.12776024391217095,0.12813865761598656,0.12859011770018794,0.12912010038174235,0.12973401092396347,0.13043910402240505,0.13124307590549356,0.13215429973231593,0.1331775177914944,0.13432806746549808,0.13561536196258206,0.13704242502508351,0.13862953809374795,0.14039308400255668,0.14234960977520683,0.14451843878554932,0.14692242694623592,0.14957874480952338,0.15251676333444947,0.15577035993059057,0.15937499461125848,0.16337075215903468,0.16780195103156564,0.17272103197185518,0.17817336538503242,0.18423036745427324,0.19097391949912418,0.1985314041639834,0.20700878913308968
22,0.1753268175263528,0.17006064272654092,0.16529677858765604,0.1609860926565124,0.1570758858298094,0.15351730175152659,0.15029452728841877,0.1473720312906881,0.14471140364991447,0.14230179111685276,0.1401205357999724,0.1381479624990693,0.13636792758680663,0.13475909454133733,0.13331155428810496,0.132005963824074,0.13084247959785286,0.12980786188014865,0.12889427173070656,0.12809200149149536,0.12738622788841136,0.1267801770596843,0.12625891785627766,0.12582331112400325,0.1254657418101195,0.12517766649577947,0.1249607398050632,0.12481046956437598,0.12471933934901423,0.12468625193025919,0.12471091798029225,0.12478769680245469,0.12491631378900557,0.12509584826598913,0.12532248882364178,0.12559773330011476,0.1259196222655432,0.12628863256639802,0.12670549344678592,0.12717118497013086,0.1276810332918035,0.1277167046214261,0.12780736940186654,0.12795976997412645,0.12822142551212554,0.12858738300751876,0.12904851898328273,0.1296069800630226,0.13026564637427776,0.13102776112123488,0.13189630424166587,0.12778378497190943,0.12811283888878472,0.12851101471180312,0.1289836037816437,0.12953625591682835,0.1301749096342304,0.13090027147741815,0.13173046160127733,0.13267004588191822,0.13372821079018998,0.13490907298502564,0.13622649721794122,0.1376956880336352,0.13933126488910547,0.1411356044934164,0.143144646202502,0.14537245925744685,0.1478412200975342,0.15057559200710507,0.15360349791225603,0.15695633646375323,0.1606649411305372,0.16477541124684203,0.16932726243319152,0.17436194107640507,0.17996377372585054,0.18621093712497727,0.19319385815197604,0.2010176831056088,0.2098004653695359
24,0.1746727943952365,0.16948352522632454,0.1647863638930687,0.16052352253055607,0.15665543725711595,0.15314938249663185,0.1499569728458232,0.1470641916378603,0.1444467537229071,0.14206476027382067,0.1399104212925534,0.13796011243210274,0.13619980681269364,0.13460580097027736,0.1331745581310349,0.13188974216773106,0.13074395577962497,0.12972801824513117,0.12882992641138666,0.12803436793001935,0.12734248972658566,0.12674786628578216,0.12624290203188615,0.1258209187077406,0.1254704353953462,0.1251949240247332,0.1249903432479513,0.12484905495119669,0.12476859251174671,0.12474901673976836,0.12478455805335971,0.12487281099218893,0.1250148958394574,0.12520490374686477,0.12544542364047373,0.1257329696093331,0.1260694228793161,0.12645301047218693,0.12688520234240946,0.1273673248412021,0.12789434263621535,0.12794820947026764,0.12805845014227688,0.1282322810477355,0.12851840461072278,0.12890713543860766,0.12939194610596977,0.12997523928359284,0.13065971620892242,0.13144883623087866,0.1323451851648609,0.13335360863318668,0.12849135245242654,0.12891012168669266,0.12940517487785985,0.1299750018684207,0.1306369235484219,0.13139419282142317,0.13225445058506413,0.13322233938602301,0.13430606684173707,0.13552135470038534,0.1368712004128001,0.1383814921372532,0.14006218287617228,0.14192778231812148,0.14399755832753341,0.14629069925722898,0.14883121109810288,0.15164129341208188,0.15475427085513832,0.1582012490625701,0.16201929993723507,0.16624588161571124,0.17092315230262944,0.1761022965932052,0.18188044954004556,0.1883309346126959,0.19554840829150782,0.20364618890124547,0.2127595598623424
26,0.1740793919384169,0.1689596915842038,0.16432085126742627,0.1601158485278432,0.15628625491313852,0.15281392291507728,0.1496601672324031,0.14680003749203505,0.14420749799966595,0.14185904685319822,0.13973123965240636,0.1378006436493535,0.13605187243865324,0.13447821679780397,0.1330635778449337,0.13179810061987557,0.1306758803822226,0.12967260092148342,0.12878141022851863,0.12800036392929068,0.127322648259089,0.12674100313089573,0.12624469347294381,0.12583076242825258,0.12549435580819582,0.1252330207621946,0.12503913870434308,0.1249081583983242,0.12484107141205147,0.12483325458314011,0.12487904565915688,0.12498117284136645,0.1251342799888303,0.1253375523656002,0.12559060283883672,0.125892304994207,0.12624245378301788,0.1266412476385335,0.12708925973550914,0.12758788551273673,0.1281320631490445,0.1282042132160277,0.12833396402051306,0.12852867606192792,0.1288387649088071,0.12925036585170824,0.12975929531452515,0.1303673813720745,0.13107796508414798,0.13189446325853024,0.13282001571489777,0.13385933288560325,0.13501677254472408,0.12933147909763135,0.12984737874132748,0.130446415682792,0.13113482219705386,0.13191879562379447,0.132802603198516,0.1337991225198779,0.13491036694276837,0.13616166761363752,0.1375591520025099,0.13911620353999643,0.14084785031325764,0.14277123904943279,0.14489864523624063,0.14725690926155605,0.14986979985232207,0.1527653250163732,0.15597362362689354,0.15952982081367906,0.16343581124475365,0.1677728105580033,0.17259261987716645,0.17795462074591878,0.18393212973377082,0.19059764246594546,0.198067465791274,0.20645852749158783,0.21591546958301133
28,0.17355456092939048,0.16850409898374766,0.16391045109132857,0.15973149719791202,0.15594492137929786,0.15251318497068447,0.14941239393492511,0.14658123684654775,0.14401602210015566,0.14168919015707931,0.13957073497418473,0.13766638188708918,0.13593442684524604,0.1343777404368557,0.1329825390606591,0.1317363640803663,0.13061936561177245,0.12963394239763984,0.128755753712172,0.12798758224994672,0.12732289753330545,0.12674883809605775,0.12626099685055603,0.12585972392009598,0.12554226839001256,0.12529079429318865,0.12510540458667996,0.12498745757392353,0.12493325163403202,0.12493356079793326,0.12499269739438841,0.12510678163524835,0.1252710449015562,0.1254884945337174,0.12575362820328445,0.12606986729197417,0.1264343023789531,0.12684829824946892,0.12731272328490723,0.12782861377867494,0.12839048398088665,0.12848121154428221,0.1286305687474814,0.12884649186723168,0.1291805126833107,0.12961482944219543,0.13014751180714307,0.13078131988672068,0.1315192279647207,0.1323645124866157,0.13332068446119844,0.13439229415139922,0.13557716055490024,0.1368914409395577,0.13032326899709604,0.13094726493094022,0.13165709225696154,0.13246573689380714,0.13338110877978876,0.13440222275138486,0.13555619890159715,0.13684847798835642,0.13829057110742748,0.13989759334632046,0.1416785177087197,0.143657585329868,0.14585175605980127,0.1482845284629773,0.15097939612545425,0.15396423487922423,0.15726481407520537,0.16089989640049818,0.16493308281208535,0.1694111575396713,0.17437677652769207,0.179912953467123,0.1860899051400276,0.1930011306224539,0.2007599488389018,0.2094656721603983,0.2192944517369393
30,0.1730999348308588,0.16807924002610264,0.16352610123656475,0.1594104977617087,0.1556660179794253,0.15226973894851564,0.1491881269638215,0.1463932581922304,0.14385355062632643,0.14153778071718454,0.13944452341639713,0.13755264326272815,0.13585028017627648,0.13431364844377833,0.1329370171467366,0.13169591245130244,0.13059132085092354,0.12961942950917407,0.12875394091105896,0.12799866111479424,0.12734204295015267,0.12677852129334258,0.12630522500899252,0.1259169014049935,0.12560946844352414,0.12536473905089052,0.1251913827550481,0.12508569348524767,0.12503839278020454,0.12505123045379227,0.1251230730992124,0.12524615666822914,0.12542403325846863,0.1256527250604187,0.1259322073795516,0.1262615049525831,0.1266414466303736,0.12707091778368723,0.12755195416728923,0.12808563974208276,0.12866593452407904,0.12877600892739832,0.12894625248266092,0.12918491433254145,0.12954418158676276,0.1300030125691575,0.130561296756325,0.13122116850234378,0.13198628306389826,0.132860113471507,0.1338465945356485,0.134950600836863,0.13617045552299312,0.13752090637755665,0.13900535234077804,0.13146877582589145,0.1322069021947891,0.13304589912707732,0.13398505338061367,0.13504923798540258,0.1362432576730005,0.13757824877369867,0.13906746639184542,0.14071938335657092,0.14255833800688122,0.14460030994488227,0.1468653158032906,0.14937380461443134,0.152148960727017,0.15522429565313672,0.15860709553512625,0.1623599469635087,0.1665075532374573,0.17112812774740477,0.17627097336438746,0.18200530282916128,0.18839570425899704,0.19555580822826524,0.20359747330456945,0.2126596162530866,0.22291226400918263
32,0.17266817815215912,0.16770580937288476,0.16320216048382064,0.15912126921594896,0.15542094520712252,0.1520722975954824,0.1490183423757211,0.14623273788419433,0.14370523479914007,0.14142497640653814,0.13934840274974777,0.13747547063968163,0.1357898007918178,0.13427911182838106,0.13290519589711763,0.13167917345821095,0.13058866158297053,0.12962341465908317,0.1287802222039942,0.12803335231663443,0.12738673833161962,0.12683518357143075,0.12637377228558455,0.12600057500469125,0.1256925947603974,0.1254607909657366,0.1252999325868439,0.1252019405869345,0.12516563108863943,0.12519104218054847,0.12527171250936353,0.12540773344918693,0.12559847028714072,0.12583926633868542,0.12613537429601598,0.12647859238922693,0.12687359172282564,0.12731996396971976,0.12781799754867004,0.12837026066996388,0.12896992661255058,0.12909413582315019,0.12928485490391114,0.12954554785791647,0.12992940332033664,0.1304121002591911,0.1309956173253451,0.1316827748387263,0.13247661347019624,0.13338094411886503,0.134400193345578,0.13553900592844073,0.13679249712047792,0.13818166212323454,0.13970719372600646,0.1413758782934404,0.13278837466201054,0.13365900871386294,0.13463212608611713,0.13573423266460427,0.13696981955647247,0.1383498639430566,0.13988184189142733,0.14159104948318418,0.14349013409777167,0.14559831953514674,0.1479339254133311,0.1505202439031998,0.1533865963107512,0.15653867222843565,0.16001447737785862,0.16388503233626367,0.16818450829112447,0.17295971521488518,0.17827609526301014,0.1842090298852681,0.19084234970226321,0.19828402428140302,0.20663697930578284,0.21606441503498053,0.22674743119198637
34,0.1722985716016237,0.16738323321485282,0.1629401928245914,0.15889902205517617,0.15523162824051134,0.15189550937632168,0.14886417014057762,0.14610282009692255,0.14360186971328687,0.1413411871504399,0.139288476150718,0.13743643689316548,0.1357606493695401,0.13425934118397595,0.1328998060616866,0.13168614317264743,0.13060835496544296,0.12966800719229044,0.1288223908075411,0.12808468567541484,0.12744995440986526,0.12691122209078592,0.1264603263736496,0.12609344933134958,0.12579693583860957,0.12557661364129244,0.1254239262457612,0.12533516959655228,0.12531135838708868,0.12534735908997807,0.125438843757621,0.12559100777155846,0.12579185993938397,0.12604668144614817,0.1263532990261486,0.12671206342165225,0.12712176132056502,0.12758432672395886,0.12810002572726437,0.12867081204690156,0.1292897057371113,0.12944013509444652,0.12965334099897668,0.12994351005951915,0.13034037115505087,0.13084731753028192,0.13145650428495892,0.13217047854205968,0.13299288750007202,0.13392742714180675,0.1349785749883287,0.13615117333470173,0.1374456604982199,0.1388739700801987,0.1404410286823378,0.14215476162353197,0.14402307240673345,0.13429923327702603,0.13531593420711474,0.1364587192952107,0.13773699378625703,0.13916505334030016,0.14074616862016925,0.1425120852613967,0.1444744893575125,0.14664986780638395,0.14906023451082695,0.15173307363584537,0.15467651846586045,0.15790806180971428,0.16151227499819,0.16551540497939515,0.16995234788938596,0.1748945489963744,0.18040526355014763,0.18655988079385322,0.19343983439467516,0.20116695990196076,0.20988504239152217,0.21970710410578187,0.23085997992268592
36,0.1719904801870366,0.167122297460552,0.1627144549457119,0.1587242505434674,0.15507164195036394,0.15175439224824167,0.14874943776345648,0.14601491473027278,0.14353172858897054,0.14129519386996545,0.1392627453218408,0.13741914262498092,0.13575391269683845,0.13426131621759288,0.1329173080789544,0.13172111364126363,0.1306594285219641,0.1297160096588604,0.12888231498807107,0.1281582908330761,0.12753706008185542,0.1270103781557442,0.12656598774936792,0.12620077279648095,0.12591669709392322,0.12570669041596913,0.12556247494737288,0.12548690985909283,0.12547605819353402,0.12552224630892456,0.1256266113339273,0.12578756823502274,0.12600152625749259,0.12627054025600523,0.12659084799725406,0.12696463437083402,0.12739065284761247,0.12786971801685326,0.12840321026155094,0.1289930127415633,0.12963180354991202,0.1298023486846976,0.13003697020043364,0.13036611798447537,0.1307803128004662,0.1313084184191073,0.13194355345803013,0.13268535739667342,0.13353718397866837,0.13450288326887958,0.13558720366811974,0.1367947414493753,0.13812711081731519,0.1395971957085376,0.1412098230446483,0.14297024365194785,0.1448880920577726,0.14696635404064312,0.1360384060446963,0.13722180472123624,0.13854669740629633,0.14001718192305274,0.14165923330998842,0.14348488141492433,0.14551397710198632,0.14775893085965264,0.15025102162863968,0.1530014325735103,0.156013543890197,0.1593721485193143,0.16309991074020874,0.16722737202435012,0.17182753233257564,0.1769521310322294,0.18265937701340507,0.189045229144151,0.1962109905265237,0.20424549342646936,0.21331123902153293,0.22360385150206574,0.23526639119503634
38,0.17173494114447485,0.16691965197431466,0.16254020158731808,0.15856771053096635,0.15494049107495694,0.1516464393832862,0.14866910179715578,0.14595128956250739,0.14349458065233064,0.14127917470272525,0.13925138423373504,0.13741923656077618,0.13576940254461217,0.13428437621848188,0.13295767562826005,0.1317756975957008,0.1307156849929842,0.12978140977906008,0.12896248576582459,0.12825242636789783,0.1276426501090116,0.12711606124115096,0.1266786373091873,0.1263264366573868,0.12605458518198703,0.12585069803194887,0.1257191718678938,0.12565674319973213,0.12565330452183673,0.12571033492559786,0.12582837189560303,0.12599960877545657,0.12622796370522943,0.12650932002906548,0.12684486476381943,0.12723264815066393,0.1276744458460866,0.12817006049251733,0.1287209930737116,0.12932940032970572,0.1299874541849272,0.13017877356481805,0.130447047787971,0.13080496171281475,0.1312317756982921,0.13179377555193614,0.13246089430060504,0.13322710986571357,0.13410904425859604,0.1351070025133193,0.13622543432918477,0.13746947467321805,0.1388451592725305,0.14035085581739742,0.14200785367705834,0.14381796333983557,0.14579058694465635,0.1479238490724855,0.15024641713423414,0.1380275348592946,0.13939990894130289,0.14092157087142476,0.14262092157326817,0.14451081404815774,0.14660460477723997,0.14892858107735502,0.1515008243200483,0.15431015540309406,0.15744258830686836,0.16091934200406127,0.16476114688560872,0.16904582588350947,0.1738113747676846,0.17911953574131245,0.18504969094776968,0.19169114862609227,0.19913159837068595,0.2075120928753973,0.21698802599642997,0.2277184448307047,0.23998944387298937
40,0.1715363170627263,0.16675244922614574,0.1623934447789625,0.1584387831523582,0.15484428484417873,0.15158044898036113,0.14861566863573122,0.14592492274515698,0.14348591509466557,0.14127009236451565,0.1392566663621667,0.13744052881735586,0.13580454870548803,0.13433359211234056,0.13302011778904002,0.1318388965226804,0.13079856309468402,0.12987481977411416,0.12906534529318464,0.1283627555530517,0.12775549790819277,0.12723730839803488,0.12681172505325297,0.12647153488210508,0.1262049058826642,0.12601351422351176,0.12589485894416766,0.12584240105004968,0.12585116175710187,0.12592283870449117,0.12605190972753405,0.12623774305712115,0.12648027107918314,0.12677548830604707,0.12712591516460992,0.12752942417983965,0.12798703655324822,0.12849977095403517,0.12906872464760222,0.12969605573829818,0.13037355767208939,0.13058571922318754,0.13088846725304154,0.13127245146415165,0.13171018877634022,0.13229759198435592,0.1329910092657718,0.13379332141510825,0.13470845737265022,0.13574061779703211,0.136894270017307,0.13817635537613399,0.13959224454778973,0.14113938406310042,0.14284202882796235,0.1447015373051815,0.1467274668816167,0.14892517425712531,0.1513097622941172,0.1538961778475813,0.14029667460120598,0.14187339939445054,0.14363366969383157,0.1455907587153838,0.14775565263821006,0.15016179917394712,0.15278456430343368,0.15570810163582388,0.1589520545876536,0.16253525098716654,0.1665279452699402,0.17096449131583713,0.17590604395831388,0.18142122662146243,0.1875836952058454,0.19448699383564194,0.2022560048564952,0.21099411745328445,0.22088896237951872,0.23215040726552638,0.24499181896483402
42,0.17137201468903762,0.16661698342698925,0.1622883752877033,0.158357793825474,0.15478786267724845,0.15154112009071635,0.14860225659249376,0.14592645930927925,0.14349089908496623,0.14129194369282805,0.13928869176698852,0.13748391654686962,0.13587224246199653,0.1344153996963857,0.13310130900932624,0.13194714805847646,0.1309062577982952,0.12998901344350275,0.12918957906958545,0.12848976558449077,0.1278897166329912,0.12738627777101225,0.1269750859008495,0.12664314859675813,0.1263885348687999,0.12621120482293474,0.12610538894546092,0.1260620123104864,0.12608510147548818,0.1261705837970593,0.126311477374499,0.12651220848622824,0.1267671848156997,0.12707825044842957,0.12744280056811463,0.12786282080218733,0.12833664721703436,0.1288666888026438,0.12945397466102126,0.13010079015103596,0.13079839888005818,0.13103752013767783,0.13136901022223316,0.13177971492439397,0.13223731512056464,0.13284272145753756,0.13356284355547285,0.1343937576210614,0.13533960466155084,0.1364038537525502,0.13759172291146995,0.13891045330417143,0.14036540400653158,0.14196427622176086,0.14371422098414569,0.14562496762931373,0.14770615499468048,0.1499690949607893,0.15241605022251437,0.15507655888358274,0.15795675642831847,0.14287475687661128,0.14469850797248973,0.1467221135274253,0.14896755946070922,0.15144361133009698,0.15415459298582984,0.1571824132342171,0.16052773561232092,0.16425297700635122,0.16839564153874342,0.17299147892087063,0.17812574365628087,0.1838544434435484,0.19026449373080467,0.19746722774282233,0.20555483911012873,0.21471202021877467,0.2250627507043419,0.23686171293963898,0.2503950004665325
44,0.1712500762642735,0.16651919775760973,0.1622192478729741,0.15831402782812157,0.15476472170751193,0.15154090098888032,0.14862369792045974,0.14595187701075793,0.14353153562080612,0.14134004417952217,0.1393548782898394,0.13756959794532733,0.13597169560264213,0.13451454285744258,0.13321362736397024,0.1320580325062865,0.1310325949492626,0.13013087821990876,0.12933604611012084,0.1286491099656677,0.1280636337136729,0.12757459552109862,0.12717179196781545,0.12685018035245577,0.12660994769859793,0.12644658198052108,0.12634783963444657,0.12631866423316612,0.12635622946839498,0.1264513149592732,0.12660787801908713,0.12682183448773277,0.127090941021333,0.1274280145206022,0.12780443003373065,0.1282467118114515,0.12873621299239937,0.1292826949586786,0.12988834876040534,0.13055484241942766,0.1312587504337806,0.13152328047616427,0.13188070127511248,0.13231691436143017,0.1328029479427215,0.13341711762534844,0.13416707500746727,0.1350308693835521,0.13601216655486698,0.13710972670242724,0.138338441215952,0.13970115674752034,0.14118773555193626,0.14283016113050806,0.1446271285773412,0.1465880257312388,0.14872367668651376,0.15104530803915006,0.15356570940515973,0.15629941823399773,0.1592637390274178,0.16245937389631449,0.14581623338840183,0.14791368746548528,0.15023593567247684,0.15279070905717307,0.15559740316395126,0.15873604709702543,0.16220061140764785,0.16606575082175423,0.17035243845884473,0.17513502836469297,0.1804691200848777,0.18642842861258158,0.19311411820471425,0.200613507122954,0.20908243118383674,0.21863869187219964,0.22952790308768523,0.24191981296449339,0.2561968056315629
46,0.17117878096333644,0.16648258940399985,0.16220047045222108,0.1583186641230777,0.15479173790292397,0.15157426200684354,0.14867002795258227,0.1460107503737148,0.14360921127201234,0.14142751831053538,0.13946028687670278,0.1376837522192758,0.1360756448356151,0.13463606799838024,0.1333519561075079,0.13221243249306724,0.1312015708151434,0.13030313016468908,0.12952167881989338,0.128849096182546,0.128277596983708,0.1277974817756552,0.12740389371631877,0.12709612991589364,0.1268694783575205,0.12674084761288726,0.1266442766223137,0.1266186195148829,0.12665838418111564,0.12675799728885265,0.12693088954806903,0.12715075501218479,0.1274286283213482,0.12776406259035678,0.1281563857651013,0.1286052535573287,0.12911151813996397,0.1296754282821365,0.13029946891677385,0.13098653944425012,0.1317259898553121,0.13202127327558877,0.13240975253900228,0.13287573666075403,0.1333830083897099,0.1340084054970453,0.13478773334788402,0.13568283669493023,0.13669789692987316,0.1378374016242819,0.13910757457782738,0.14050157535713373,0.14204736031481835,0.14374363056120534,0.14559961626458395,0.14761247078693251,0.14980884135762912,0.15219657821686972,0.1547735464687935,0.15757502877840585,0.16061781651647222,0.16391568224111652,0.1674875535585018,0.14916431344380476,0.15155680166454405,0.1542060115961203,0.1571152375117167,0.1603711754027355,0.16396316585541415,0.16797737141436575,0.17242690838322583,0.17740051446910154,0.18294473662934652,0.18915555655975258,0.19612067578015524,0.20397225741562353,0.2128092934361956,0.22285421068159705,0.23425594204527267,0.24734474564836106,0.2623695190508534
48,0.17116286341389328,0.1664871569511617,0.16222863141980884,0.15837233223140693,0.15484185674003118,0.15164096959463613,0.14874460507302809,0.14609849595540322,0.1437024324917734,0.14154095836224487,0.13958630483214673,0.13781610392591379,0.13622560450391166,0.13480208051248208,0.133534007757448,0.13240977588984304,0.13140111923775352,0.13051557511732298,0.1297482254949063,0.12908994690617104,0.1285544567486883,0.1280720759476455,0.12768263303364924,0.12737267591775,0.12714604182291855,0.12698867400485553,0.12690561365393285,0.12689896065564707,0.1269463863744123,0.1270576970112558,0.12723268352125133,0.1274647997229248,0.1277582471923209,0.12810781066902074,0.1285169810420613,0.1289821464833393,0.1295057756437573,0.13008819784278022,0.13073196173343166,0.13143966695820836,0.13220056389127322,0.1325245069259615,0.13294245318139292,0.13343862400349427,0.13399019759975583,0.13463093744798077,0.1354445448572021,0.13636416087890524,0.1374147259614672,0.13859113867425035,0.13990070395561216,0.14134872059089643,0.14292920850928317,0.1446741904438103,0.14658242222163426,0.14865557223608444,0.15091824532430953,0.15337839026265654,0.1560267478083024,0.1589159027336406,0.162048799736697,0.16543207479091593,0.16911194973621574,0.17308529643291315,0.15294394345110163,0.15569214459454178,0.15871000087346288,0.16209010250951983,0.16581818683283223,0.16997573650323217,0.1746144916509742,0.17978266277918042,0.18556316261064554,0.1920393059612372,0.19931138057355113,0.2075138705866233,0.21679968340852362,0.22731257680385797,0.23934525317238642,0.2531127256713541,0.2690513821905205
50,0.17118967381597383,0.16653692312810014,0.16228627971129864,0.15844116050080237,0.15493078455065518,0.15174121871359444,0.14884776741091604,0.1462230883610451,0.1438470738002219,0.141695511106533,0.13974839747583084,0.13799552474972032,0.13642180752162425,0.13501368633967872,0.1337605458523185,0.13265614514184634,0.13164726277303831,0.13077530787287434,0.13000501287872215,0.1293438830615843,0.1287778149882106,0.12830418331731713,0.127919500314904,0.12762179601114854,0.12740058329501297,0.1272591347157559,0.12718462212010107,0.12717889484511608,0.12723696820998093,0.1273624083432735,0.12754816040983968,0.12779518901256828,0.12810191198098925,0.128474132627873,0.12889746820629505,0.12937888550102014,0.12991879672020856,0.13052007183113595,0.1311842661441375,0.13191203275122348,0.13269965689675392,0.13304783874406215,0.13349547523303174,0.13402116985931717,0.134605622201335,0.1352662736247418,0.13610895381106736,0.13707494810310286,0.13816471451994009,0.13936897759828099,0.1407206921902582,0.1422147092731908,0.1438585521093303,0.14564299868137176,0.14760612774474663,0.14974710758493615,0.15206572228065518,0.15459517466613765,0.15734261706402014,0.16030371510870917,0.16352822494372288,0.1670089971195185,0.17079770274911832,0.17491136737962876,0.17935525542830638,0.15725195561782723,0.16038534049470987,0.16389602156882288,0.1677700371198696,0.1720908475984806,0.1769191647887347,0.1823013275755645,0.18833032236455283,0.19508836802369056,0.20270084686199774,0.21127979793307128,0.22101492711504833,0.2321036265587455,0.2447477594862989,0.2593375365517031,0.2762532624169195
52,0.17126533498186156,0.16661441941272603,0.1623739077890455,0.1585302000887115,0.1550449272216704,0.15187770520414787,0.14900494839150225,0.14640047510630796,0.14403153752230521,0.1418903805074863,0.13996033138780925,0.13822371608681117,0.13667561204441606,0.13526654011973327,0.1339987534532172,0.13286317931232922,0.1318746684401624,0.13099709083954067,0.13023513018636382,0.12958178969322973,0.12901730356473012,0.12855148758988263,0.1281778131231514,0.12789171963652884,0.12767565469668135,0.12753879685269784,0.12747690608314904,0.12747922616252821,0.1275629150158228,0.12770010226328027,0.12789645302124306,0.12815665341486365,0.12847569781906376,0.12885563375099485,0.12929404581982734,0.1297922400926769,0.13035014034061787,0.13097031359364467,0.1316548180390069,0.13239794853096126,0.1332143386034627,0.13359824727554181,0.13407922606593536,0.13463784398043877,0.13525771060759678,0.13594212307019576,0.13679889527415728,0.13780113450066792,0.13892809283659466,0.14018726936665918,0.14157073878143167,0.1431097596461957,0.1448024172972695,0.14665770551806684,0.14866989013418166,0.15087314139865837,0.1532707313027148,0.15586085935357763,0.15868758588983983,0.1617463544985786,0.1650670037960144,0.1686690960079933,0.17255407364737463,0.17679402835025138,0.18138529079162063,0.18638693547482077,0.16214357979007554,0.1657916350539842,0.16982152674072326,0.17431716679852904,0.17934735956562076,0.18495781724377836,0.1912507801144664,0.1983151080316452,0.20628109671266204,0.21529639136606527,0.22550683211017175,0.2371765975809429,0.2505696309897604,0.2659827445116386,0.2839442712856498
54,0.17136835672937023,0.1667155493696501,0.16250126466563689,0.1586825635123074,0.15521860630981155,0.15207110362004017,0.14921839037339546,0.14661744114356648,0.1442599264250113,0.14215759407729212,0.14021931343519983,0.13846152476552998,0.13689639534347287,0.13548553175587286,0.1342317343558977,0.13310145307104626,0.13210564172427014,0.13124539424837953,0.13048837498496624,0.12983010252394983,0.12927494522765612,0.1288248654501386,0.12845923139147056,0.12817269803302053,0.12796847768422742,0.12784347770602228,0.12778950533944217,0.12780399848935403,0.1278890436630592,0.12803715010528538,0.12824894511559132,0.12852449784165312,0.12885830075948831,0.12925448367439957,0.12970963976626665,0.13022581514713724,0.13080280174471964,0.13144244347497647,0.13214749790025165,0.13290619607185028,0.13375229164540142,0.13416513472198316,0.13467601656168823,0.13526409596353223,0.135914864379053,0.13664466114815293,0.13751626497784833,0.1385544374009977,0.13972136329133994,0.14102252658333286,0.14246454264373565,0.14405452359638626,0.1457840617421639,0.14769411095659307,0.14978057498997419,0.152041740157968,0.15451148102922158,0.15719387227137638,0.16008518340801325,0.16324452967416825,0.16665829211745198,0.17037676415084457,0.1743827653068183,0.17875549528686213,0.18349246726300178,0.1886648851755779,0.19427555002664554,0.1677850105620392,0.17197575207456672,0.17667777693966547,0.18190462413241693,0.18775884493412343,0.1943339550770261,0.20172869819396688,0.21007600746016908,0.2195410325870697,0.2303147492408999,0.24260093596029653,0.25676274586725567,0.27316395547011607,0.2922255958265222
56,0.1715108621082715,0.16688382751052505,0.1626942423532723,0.15889728389551339,0.15545279251393265,0.1523237373182136,0.14950315936275638,0.14689048903826632,0.14451580011916718,0.14238044435903757,0.1404354494271355,0.13870128325269127,0.1371327002872829,0.13573619365373663,0.1344692185411358,0.13334426010405054,0.13237069718010777,0.1315052428013712,0.13074582400030424,0.1300944830463903,0.12954992894367928,0.1291047441843046,0.1287461536381424,0.12847172167128937,0.12828154339655806,0.12816987971471738,0.1281258564534669,0.12815504000831485,0.12825354259267313,0.1284140416689662,0.12865022889696742,0.12893759010939612,0.12928676269502684,0.12969682050732764,0.13016915956756242,0.13070193791093787,0.1312975092740515,0.1319573544145479,0.13267231786863762,0.13345825009369416,0.134333791150404,0.1347762981524843,0.13531650471739864,0.13593379436105368,0.1366188034941626,0.13738657746790967,0.13827490700362588,0.1393481728940831,0.14055385472658155,0.14188476750352705,0.1433691093843068,0.14500427816074815,0.1467997663753941,0.1487661512934426,0.15091525065149453,0.15325808077517472,0.15578922005579726,0.1585551267476376,0.16156016049760563,0.16479078718595053,0.16832445514681998,0.17213854693028469,0.17630355420468352,0.18079782847864911,0.1857093323737598,0.19103189132512066,0.1968426714737106,0.20320296765334223,0.174242142941896,0.17912070798936286,0.1845931172638231,0.190712557891909,0.19758999866486826,0.2053457450408389,0.21410026916574298,0.22405214813763064,0.23540669879700882,0.24842765440516923,0.2634497754373486,0.2808540880329714,0.3012158536997287
58,0.1717240657500566,0.16712102359720368,0.16295343983182556,0.15920639764829167,0.1557478202339092,0.15259620335212196,0.1497247252609605,0.1471145067911156,0.1447537528166605,0.14260882845868292,0.14069254612262766,0.13895172262480962,0.13740065053752987,0.13598214504934386,0.13472041094600062,0.1336097244945503,0.1326333867537015,0.13177535477338245,0.1310265560466962,0.13038928341428765,0.1298585749198707,0.12942277507289593,0.12907291675127566,0.1288210047005993,0.12864132447017435,0.12853508594695545,0.12850240998662954,0.1285437613017728,0.12865084375042563,0.12882493769535808,0.1290658266242959,0.12936737802976817,0.12973423103840243,0.13015971610333923,0.1306491923497791,0.13120103733080268,0.13181594835578314,0.13249605485334803,0.13322032802179734,0.13403623499306008,0.13494207656611362,0.13541432805253775,0.13598487617314534,0.13663277479100555,0.13735177923011416,0.13815386154774326,0.13905694476373015,0.14016676500990113,0.14141082534985205,0.14279513787769985,0.14432552860014075,0.14601085753376733,0.14786061110498172,0.14988577483259416,0.15209811211738455,0.15449235105459752,0.15711387735626586,0.15996232650670833,0.16305705066364046,0.16641930329252602,0.17003921270855238,0.17399675586495578,0.17826601792705138,0.18292271435152074,0.1879978066858779,0.1934981654503658,0.19953543565851128,0.20611161728564242,0.21330960739696203,0.18173616358610645,0.1874271146628249,0.1938226660084279,0.20102933716702975,0.20916421156992726,0.2183678079602187,0.22884899091033872,0.24083753959083332,0.25462170361558034,0.2705770644517892,0.28918774991050933,0.3108992171259384
60,0.17205962121246576,0.1674410111322518,0.16325499975275298,0.15946122558908957,0.15599511484372897,0.15284837854729036,0.14997037831391463,0.1473708725124689,0.14502818311783564,0.14288765526058617,0.14095872593013392,0.1392197149324368,0.13765084198499727,0.13624771206175104,0.13499990713121193,0.13390300924833828,0.132934965021376,0.1320846033562421,0.13135364119497045,0.13072866769776434,0.1302083751933558,0.1297750873988087,0.1294355636516371,0.12918541900649427,0.12901631233190963,0.12892095164367529,0.12893777507986853,0.12898316125577952,0.1290936091617459,0.1292737671335176,0.12952025205541629,0.1298476242112965,0.13022299493705336,0.13065974661930457,0.13116196440335456,0.1317289329289582,0.13236077839399923,0.1330575177888871,0.13379572073897017,0.13464366650589507,0.13558235420224957,0.13608777517910975,0.13669417234044107,0.13736467099110666,0.1381197703211477,0.13896108902346227,0.13989243467449952,0.14104110568008146,0.14233240648933218,0.1437528439207239,0.1453393172486486,0.14708492534102516,0.14900095060112578,0.15103901323051203,0.15331268755348743,0.1557904694532511,0.15848760395720796,0.16142289178790842,0.16461336393234438,0.16805329771055744,0.1718133846842993,0.1759012845903291,0.18030615053014887,0.18513443540412827,0.1903690849812832,0.19610641023678854,0.20231988948914958,0.20914094910260905,0.21662131021276476,0.22486731760251177,0.19041021558505755,0.19710481512697864,0.20465743801971026,0.21319644524844594,0.2229098700845158,0.2339511103824915,0.24663081295838318,0.26125600650631586,0.27824166108604276,0.2981358422863918,0.3214767553363491
