-60,-80,3.736595917
-60,-78,3.418356676
-60,-76,3.152884437
-60,-74,2.928375572
-60,-72,2.736304304
-60,-70,2.570359157
-60,-68,2.425768275
-60,-66,2.298857262
-60,-64,2.186751128
-60,-62,2.08716838
-60,-60,1.998275638
-60,-58,1.91858301
-60,-56,1.84686747
-60,-54,1.782115888
-60,-52,1.723482058
-60,-50,1.67025388
-60,-48,1.621828004
-60,-46,1.577690016
-60,-44,1.537398825
-60,-42,1.500574231
-60,-40,1.466886948
-60,-38,1.436050538
-60,-36,1.407814844
-60,-34,1.381960601
-60,-32,1.358294993
-60,-30,1.336647967
-60,-28,1.316869155
-60,-26,1.298825299
-60,-24,1.282398076
-60,-22,1.267482269
-60,-20,1.2539842
-60,-18,1.24182041
-60,-16,1.23091652
-60,-14,1.221206265
-60,-12,1.212630656
-60,-10,1.205137265
-60,-8,1.198679609
-60,-6,1.19321662
-60,-4,1.188712188
-60,-2,1.18513477
-60,0,1.182457056
-60,2,1.179427946
-60,4,1.177252766
-60,6,1.175921738
-60,8,1.175420967
-60,10,1.175739821
-60,12,1.176870822
-60,14,1.178809567
-60,16,1.181554681
-60,18,1.185107787
-60,20,1.189473514
-60,22,1.194659526
-60,24,1.200676575
-60,26,1.207538588
-60,28,1.215262781
-60,30,1.2238698
-60,32,1.233383903
-60,34,1.243833168
-60,36,1.255249752
-60,38,1.267670185
-60,40,1.28113572
-60,42,1.295692736
-60,44,1.311393205
-60,46,1.328295231
-60,48,1.34646368
-60,50,1.365970897
-60,52,1.386897547
-60,54,1.409333576
-60,56,1.433379346
-60,58,1.459146935
-60,60,1.486761671
-60,62,1.51636392
-60,64,1.548111187
-60,66,1.582180602
-60,68,1.618771851
-60,70,1.658110679
-60,72,1.70045307
-60,74,1.746090273
-60,76,1.795354879
-60,78,1.84862821
-58,-80,3.615537565
-58,-78,3.317147989
-58,-76,3.066950895
-58,-74,2.854443662
-58,-72,2.671970394
-58,-70,2.513819011
-58,-68,2.375641499
-58,-66,2.254069979
-58,-64,2.146455544
-58,-62,2.050686389
-58,-60,1.96505849
-58,-58,1.888181945
-58,-56,1.818911999
-58,-54,1.756297489
-58,-52,1.699541782
-58,-50,1.647972816
-58,-48,1.601019855
-58,-46,1.558195272
-58,-44,1.519080137
-58,-42,1.483312714
-58,-40,1.450579197
-58,-38,1.420606207
-58,-36,1.393154663
-58,-34,1.368014747
-58,-32,1.345001739
-58,-30,1.323952556
-58,-28,1.30472286
-58,-26,1.28718463
-58,-24,1.271224113
-58,-22,1.256740089
-58,-20,1.243642396
-58,-18,1.231850675
-58,-16,1.221293293
-58,-14,1.211906423
-58,-12,1.203633247
-58,-10,1.196423284
-58,-8,1.190231794
-58,-6,1.185019281
-58,-4,1.180751054
-58,-2,1.17739686
-58,0,1.17493056
-58,2,1.172109497
-58,4,1.170132492
-58,6,1.168990398
-58,8,1.168670179
-58,10,1.169162002
-58,12,1.170459134
-58,14,1.172557877
-58,16,1.175457517
-58,18,1.179160312
-58,20,1.183671499
-58,22,1.188999329
-58,24,1.195155129
-58,26,1.202153391
-58,28,1.210011891
-58,30,1.218751839
-58,32,1.228398063
-58,34,1.238979226
-58,36,1.250528086
-58,38,1.263081803
-58,40,1.276682292
-58,42,1.291376635
-58,44,1.307217559
-58,46,1.324263986
-58,48,1.342581668
-58,50,1.362243929
-58,52,1.383332508
-58,54,1.405938556
-58,56,1.430163775
-58,58,1.45612176
-58,60,1.483939553
-58,62,1.513759473
-58,64,1.545741264
-58,66,1.58006463
-58,68,1.616932242
-58,70,1.656573316
-58,72,1.699247897
-58,74,1.745252011
-58,76,1.794923905
-58,78,1.848651632
-56,-80,3.502698169
-56,-78,3.222290746
-56,-76,2.986037433
-56,-74,2.784556572
-56,-72,2.610950147
-56,-70,2.460033292
-56,-68,2.327833871
-56,-66,2.211257797
-56,-64,2.107859392
-56,-62,2.015680246
-56,-60,1.933133858
-56,-58,1.858921583
-56,-56,1.791970388
-56,-54,1.731386108
-56,-52,1.676417861
-56,-50,1.626430648
-56,-48,1.580884013
-56,-46,1.539315263
-56,-44,1.501326147
-56,-42,1.466572195
-56,-40,1.434754109
-56,-38,1.405610773
-56,-36,1.378913527
-56,-34,1.354461455
-56,-32,1.332077479
-56,-30,1.311605107
-56,-28,1.292905709
-56,-26,1.275856232
-56,-24,1.260347258
-56,-22,1.24628137
-56,-20,1.233571755
-56,-18,1.222141007
-56,-16,1.211920114
-56,-14,1.202847578
-56,-12,1.194868663
-56,-10,1.187934747
-56,-8,1.182002767
-56,-6,1.177034736
-56,-4,1.172997329
-56,-2,1.169861534
-56,0,1.167602345
-56,2,1.164985312
-56,4,1.163202924
-56,6,1.162246641
-56,8,1.162104263
-56,10,1.162766735
-56,12,1.164228054
-56,14,1.16648521
-56,16,1.169538143
-56,18,1.173389736
-56,20,1.178045827
-56,22,1.183515253
-56,24,1.189809913
-56,26,1.196944865
-56,28,1.204938451
-56,30,1.213812452
-56,32,1.223592272
-56,34,1.23430717
-56,36,1.245990522
-56,38,1.258680136
-56,40,1.272418608
-56,42,1.287253752
-56,44,1.303239076
-56,46,1.320434353
-56,48,1.338906264
-56,50,1.358729153
-56,52,1.379985893
-56,54,1.402768894
-56,56,1.427181274
-56,58,1.453338223
-56,60,1.481368593
-56,62,1.511416768
-56,64,1.543644858
-56,66,1.578235295
-56,68,1.61539391
-56,70,1.655353598
-56,72,1.698378715
-56,74,1.744770362
-56,76,1.794872796
-56,78,1.849081229
-54,-80,3.397305401
-54,-78,3.133236961
-54,-76,2.909744053
-54,-74,2.718415188
-54,-72,2.553015187
-54,-70,2.408824441
-54,-68,2.282205126
-54,-66,2.170308339
-54,-64,2.070871499
-54,-62,1.98207514
-54,-60,1.902439729
-54,-58,1.83075004
-54,-56,1.765998863
-54,-54,1.707344529
-54,-52,1.654078429
-54,-50,1.605599915
-54,-48,1.56139667
-54,-46,1.521029234
-54,-44,1.484118667
-54,-42,1.45033666
-54,-40,1.419397523
-54,-38,1.391051663
-54,-36,1.365080229
-54,-34,1.3412907
-54,-32,1.319513216
-54,-30,1.299597519
-54,-28,1.281410389
-54,-26,1.264833483
-54,-24,1.249761504
-54,-22,1.236100653
-54,-20,1.223767301
-54,-18,1.212686865
-54,-16,1.202792832
-54,-14,1.194025933
-54,-12,1.186333422
-54,-10,1.179668464
-54,-8,1.173989601
-54,-6,1.169260298
-54,-4,1.165448546
-54,-2,1.16252653
-54,0,1.160470338
-54,2,1.158053495
-54,4,1.156462331
-54,6,1.155688891
-54,8,1.155721789
-54,10,1.156552728
-54,12,1.158176421
-54,14,1.160590532
-54,16,1.163795646
-54,18,1.167795262
-54,20,1.172595817
-54,22,1.178206729
-54,24,1.184640469
-54,26,1.191912665
-54,28,1.200042228
-54,30,1.209051515
-54,32,1.21896652
-54,34,1.229817109
-54,36,1.241637293
-54,38,1.254465542
-54,40,1.268345161
-54,42,1.283324716
-54,44,1.299458533
-54,46,1.316807269
-54,48,1.335438575
-54,50,1.355427864
-54,52,1.376859196
-54,54,1.399826305
-54,56,1.4244338
-54,58,1.450798549
-54,60,1.479051315
-54,62,1.509338662
-54,64,1.5418252
-54,66,1.576696247
-54,68,1.614160981
-54,70,1.654456197
-54,72,1.697850821
-54,74,1.744651342
-54,76,1.7952084
-54,78,1.84992482
-52,-80,3.298681193
-52,-78,3.049500293
-52,-76,2.837712467
-52,-74,2.655749452
-52,-72,2.497957888
-52,-70,2.36003005
-52,-68,2.238626275
-52,-66,2.131117762
-52,-64,2.035407248
-52,-62,1.949801369
-52,-60,1.87291812
-52,-58,1.803618649
-52,-56,1.740956243
-52,-54,1.684137643
-52,-52,1.63249335
-52,-50,1.585454584
-52,-48,1.542535209
-52,-46,1.503317427
-52,-44,1.467440353
-52,-42,1.434590813
-52,-40,1.404495891
-52,-38,1.376916827
-52,-36,1.351644013
-52,-34,1.328492848
-52,-32,1.307300293
-52,-30,1.287921992
-52,-28,1.270229851
-52,-26,1.254109998
-52,-24,1.239461054
-52,-22,1.22619266
-52,-20,1.214224226
-52,-18,1.203483857
-52,-16,1.193907432
-52,-14,1.18543781
-52,-12,1.178024155
-52,-10,1.171621342
-52,-8,1.166189459
-52,-6,1.161693364
-52,-4,1.158102318
-52,-2,1.155389658
-52,0,1.153532532
-52,2,1.151312215
-52,4,1.149909043
-52,6,1.14931563
-52,8,1.149521381
-52,10,1.150518742
-52,12,1.152303125
-52,14,1.154872859
-52,16,1.158229162
-52,18,1.162376145
-52,20,1.167320837
-52,22,1.173073237
-52,24,1.17964639
-52,26,1.187056494
-52,28,1.195323037
-52,30,1.204468959
-52,32,1.214520854
-52,34,1.225509211
-52,36,1.237468688
-52,38,1.250438441
-52,40,1.264462506
-52,42,1.27959023
-52,44,1.295876786
-52,46,1.313383754
-52,48,1.332179798
-52,50,1.35234145
-52,52,1.373954015
-52,54,1.397112619
-52,56,1.421923434
-52,58,1.4485051
-52,60,1.476990394
-52,62,1.507528177
-52,64,1.540285706
-52,66,1.575451348
-52,68,1.613237821
-52,70,1.653886054
-52,72,1.697669818
-52,74,1.744901316
-52,76,1.795937967
-52,78,1.851190687
-50,-80,3.206227812
-50,-78,2.970647637
-50,-76,2.769620823
-50,-74,2.596314937
-50,-72,2.445589092
-50,-70,2.313501295
-50,-68,2.196978507
-50,-66,2.093589976
-50,-64,2.001388016
-50,-62,1.918793923
-50,-60,1.844514762
-50,-58,1.777481718
-50,-56,1.716803753
-50,-54,1.661732306
-50,-52,1.611634104
-50,-50,1.565969966
-50,-48,1.524278134
-50,-46,1.486161031
-50,-44,1.451274659
-50,-42,1.419320038
-50,-40,1.390036245
-50,-38,1.363194718
-50,-36,1.338594558
-50,-34,1.316058643
-50,-32,1.295430385
-50,-30,1.276571015
-50,-28,1.259357301
-50,-26,1.243679618
-50,-24,1.229440309
-50,-22,1.216552294
-50,-20,1.204937879
-50,-18,1.194527735
-50,-16,1.185260026
-50,-14,1.17707965
-50,-12,1.169937599
-50,-10,1.163790391
-50,-8,1.158599596
-50,-6,1.154331416
-50,-4,1.150956334
-50,-2,1.148448803
-50,0,1.146786992
-50,2,1.144759702
-50,4,1.143541451
-50,6,1.143125399
-50,8,1.143501722
-50,10,1.144663594
-50,12,1.146607113
-50,14,1.149331259
-50,16,1.15283788
-50,18,1.157131689
-50,20,1.162220307
-50,22,1.16811431
-50,24,1.17482732
-50,26,1.18237611
-50,28,1.190780749
-50,30,1.200064771
-50,32,1.210255381
-50,34,1.221383703
-50,36,1.233485063
-50,38,1.246599323
-50,40,1.260771271
-50,42,1.27605107
-50,44,1.29249477
-50,46,1.310164914
-50,48,1.329131224
-50,50,1.349471403
-50,52,1.37127206
-50,54,1.394629784
-50,56,1.41965239
-50,58,1.446460385
-50,60,1.475188664
-50,62,1.505988519
-50,64,1.539029993
-50,66,1.574504682
-50,68,1.612629049
-50,70,1.653648396
-50,72,1.69784163
-50,74,1.745527015
-50,76,1.797069167
-50,78,1.852887599
-48,-80,3.119416335
-48,-78,2.89629206
-48,-76,2.705179206
-48,-74,2.539889893
-48,-72,2.395736113
-48,-70,2.269101558
-48,-68,2.157152216
-48,-66,2.057635941
-48,-64,1.968740657
-48,-62,1.888992101
-48,-60,1.817178821
-48,-58,1.752296318
-48,-56,1.693504859
-48,-54,1.640097213
-48,-52,1.591473691
-48,-50,1.547122634
-48,-48,1.506605006
-48,-46,1.469542124
-48,-44,1.435605799
-48,-42,1.404510366
-48,-40,1.376006176
-48,-38,1.349874269
-48,-36,1.32592196
-48,-34,1.303979194
-48,-32,1.283895484
-48,-30,1.265537357
-48,-28,1.248786193
-48,-26,1.233536401
-48,-24,1.219693867
-48,-22,1.207174634
-48,-20,1.195903768
-48,-18,1.185814394
-48,-16,1.176846858
-48,-14,1.168948013
-48,-12,1.1620706
-48,-10,1.156172716
-48,-8,1.151217358
-48,-6,1.147172021
-48,-4,1.144008366
-48,-2,1.141701922
-48,0,1.140231851
-48,2,1.138394257
-48,4,1.13735801
-48,6,1.137116798
-48,8,1.137661552
-48,10,1.138986157
-48,12,1.141087383
-48,14,1.143964856
-48,16,1.14762104
-48,18,1.152061252
-48,20,1.157293697
-48,22,1.163329533
-48,24,1.170182958
-48,26,1.177871326
-48,28,1.186415293
-48,30,1.195838996
-48,32,1.206170266
-48,34,1.217440876
-48,36,1.229686838
-48,38,1.242948744
-48,40,1.25727216
-48,42,1.272708092
-48,44,1.289313505
-48,46,1.307151945
-48,48,1.326294241
-48,50,1.346819319
-48,52,1.368815156
-48,54,1.392379875
-48,56,1.417623022
-48,58,1.444667065
-48,60,1.473649133
-48,62,1.504723077
-48,64,1.538061889
-48,66,1.573860569
-48,68,1.612339545
-48,70,1.653748747
-48,72,1.698372523
-48,74,1.746535563
-48,76,1.79861012
-48,78,1.855024841
-46,-80,3.037777048
-46,-78,2.826086827
-46,-76,2.64412579
-46,-74,2.486272695
-46,-72,2.348240999
-46,-70,2.226705215
-46,-68,2.119046138
-46,-66,2.023173047
-46,-64,1.937397045
-46,-62,1.860339172
-46,-60,1.790862634
-46,-58,1.728022079
-46,-56,1.671025118
-46,-54,1.619202773
-46,-52,1.571986532
-46,-50,1.528890351
-46,-48,1.489496391
-46,-46,1.453443633
-46,-44,1.420418707
-46,-42,1.390148445
-46,-40,1.362393806
-46,-38,1.336944872
-46,-36,1.313616717
-46,-34,1.292245959
-46,-32,1.272687891
-46,-30,1.254814059
-46,-28,1.23851022
-46,-26,1.223674621
-46,-24,1.210216518
-46,-22,1.198054929
-46,-20,1.187117558
-46,-18,1.177339869
-46,-16,1.168664299
-46,-14,1.161039572
-46,-12,1.154420109
-46,-10,1.148765525
-46,-8,1.144040184
-46,-6,1.14021283
-46,-4,1.13725626
-46,-2,1.135147048
-46,0,1.133865312
-46,2,1.132214245
-46,4,1.131357237
-46,6,1.131288489
-46,8,1.13199967
-46,10,1.133485359
-46,12,1.135742991
-46,14,1.138772825
-46,16,1.142577938
-46,18,1.147164244
-46,20,1.152540535
-46,22,1.158718547
-46,24,1.165713058
-46,26,1.173542009
-46,28,1.182226652
-46,30,1.19179174
-46,32,1.202265737
-46,34,1.213681087
-46,36,1.226074505
-46,38,1.239487335
-46,40,1.253965952
-46,42,1.269562233
-46,44,1.2863341
-46,46,1.304346141
-46,48,1.323670339
-46,50,1.344386905
-46,52,1.366585249
-46,54,1.390365101
-46,56,1.415837828
-46,58,1.44312796
-46,60,1.472374981
-46,62,1.503735441
-46,64,1.53738544
-46,66,1.573523578
-46,68,1.612374471
-46,70,1.65419295
-46,72,1.699269122
-46,74,1.747934492
-46,76,1.800569419
-46,78,1.857612247
-44,-80,2.960891414
-44,-78,2.759720339
-44,-76,2.586223543
-44,-74,2.435279628
-44,-72,2.302959007
-44,-70,2.186196563
-44,-68,2.082566587
-44,-66,1.990124551
-44,-64,1.907293659
-44,-62,1.832782063
-44,-60,1.765521477
-44,-58,1.704621017
-44,-56,1.649332036
-44,-54,1.599021007
-44,-52,1.553148389
-44,-50,1.511251999
-44,-48,1.472933793
-44,-46,1.437849287
-44,-44,1.405699
-44,-42,1.376221512
-44,-40,1.349187762
-44,-38,1.324396363
-44,-36,1.301669707
-44,-34,1.280850733
-44,-32,1.261800202
-44,-30,1.244394422
-44,-28,1.22852331
-44,-26,1.214088759
-44,-24,1.201003236
-44,-22,1.189188597
-44,-20,1.178575061
-44,-18,1.169100331
-44,-16,1.160708845
-44,-14,1.153351118
-44,-12,1.146983186
-44,-10,1.141566117
-44,-8,1.1370656
-44,-6,1.133451578
-44,-4,1.130697946
-44,-2,1.128782287
-44,0,1.127685648
-44,2,1.126218098
-44,4,1.125537714
-44,6,1.125639196
-44,8,1.126514933
-44,10,1.128160188
-44,12,1.130573048
-44,14,1.133754399
-44,16,1.137707926
-44,18,1.142440134
-44,20,1.147960401
-44,22,1.154281046
-44,24,1.161417431
-44,26,1.169388088
-44,28,1.178214875
-44,30,1.187923169
-44,32,1.198542088
-44,34,1.210104759
-44,36,1.222648623
-44,38,1.236215802
-44,40,1.250853506
-44,42,1.266614519
-44,44,1.283557754
-44,46,1.301748891
-44,48,1.321261117
-44,50,1.342175987
-44,52,1.36458441
-44,54,1.388587809
-44,56,1.414299459
-44,58,1.441846061
-44,60,1.47136958
-44,62,1.503029408
-44,64,1.537004926
-44,66,1.573498538
-44,68,1.612739284
-44,70,1.65498718
-44,72,1.700538434
-44,74,1.749731774
-44,76,1.802956159
-44,78,1.860660236
-42,-80,2.88838531
-42,-78,2.696911809
-42,-76,2.531257369
-42,-74,2.386742954
-42,-72,2.259757263
-42,-70,2.147468876
-42,-68,2.047626767
-42,-66,1.958419077
-42,-64,1.878371215
-42,-62,1.80627108
-42,-60,1.741113346
-42,-58,1.68205736
-42,-56,1.628394938
-42,-54,1.579525441
-42,-52,1.534936278
-42,-50,1.494187517
-42,-48,1.456899616
-42,-46,1.422743574
-42,-44,1.39143295
-42,-42,1.362717365
-42,-40,1.336377161
-42,-38,1.312218995
-42,-36,1.290072182
-42,-34,1.269785633
-42,-32,1.251225299
-42,-30,1.234272003
-42,-28,1.218819615
-42,-26,1.204773498
-42,-24,1.192049178
-42,-22,1.180571218
-42,-20,1.170272239
-42,-18,1.161092087
-42,-16,1.152977113
-42,-14,1.145879552
-42,-12,1.139756989
-42,-10,1.134571893
-42,-8,1.130291223
-42,-6,1.126886083
-42,-4,1.124331429
-42,-2,1.122605819
-42,0,1.121691204
-42,2,1.120404314
-42,4,1.119898087
-42,6,1.120167705
-42,8,1.121206262
-42,10,1.123009692
-42,12,1.125576727
-42,14,1.12890887
-42,16,1.133010411
-42,18,1.137888446
-42,20,1.143552937
-42,22,1.150016788
-42,24,1.157295949
-42,26,1.165409552
-42,28,1.17438007
-42,30,1.184233518
-42,32,1.194999681
-42,34,1.206712388
-42,36,1.219409831
-42,38,1.233134931
-42,40,1.247935766
-42,42,1.263866063
-42,44,1.280985765
-42,46,1.299361689
-42,48,1.319068285
-42,50,1.340188508
-42,52,1.362814845
-42,54,1.38705049
-42,56,1.413010725
-42,58,1.440824535
-42,60,1.470636493
-42,62,1.502608993
-42,64,1.536924873
-42,66,1.573790552
-42,68,1.613439749
-42,70,1.656137964
-42,72,1.702187867
-42,74,1.751935841
-42,76,1.805779967
-42,78,1.86417984
-40,-80,2.819923315
-40,-78,2.637407569
-40,-76,2.479031652
-40,-74,2.340509232
-40,-72,2.218513587
-40,-70,2.110423558
-40,-68,2.014146162
-40,-66,1.927990166
-40,-64,1.850574318
-40,-62,1.780759647
-40,-60,1.717598765
-40,-58,1.660297402
-40,-56,1.60818485
-40,-54,1.560691014
-40,-52,1.517328399
-40,-50,1.477677841
-40,-48,1.441377105
-40,-46,1.408111704
-40,-44,1.377607444
-40,-42,1.349624334
-40,-40,1.323951578
-40,-38,1.30040343
-40,-36,1.278815743
-40,-34,1.259043091
-40,-32,1.24095634
-40,-30,1.224440602
-40,-28,1.209393506
-40,-26,1.195723717
-40,-24,1.183349678
-40,-22,1.172198533
-40,-20,1.162205201
-40,-18,1.153311575
-40,-16,1.145465843
-40,-14,1.138621889
-40,-12,1.132738784
-40,-10,1.127780346
-40,-8,1.12371476
-40,-6,1.120514248
-40,-4,1.118154793
-40,-2,1.1166159
-40,0,1.115880395
-40,2,1.114771463
-40,4,1.114437069
-40,6,1.114872863
-40,8,1.116072635
-40,10,1.118032977
-40,12,1.120753255
-40,14,1.124235587
-40,16,1.12848486
-40,18,1.133508762
-40,20,1.13931784
-40,22,1.145925585
-40,24,1.153348543
-40,26,1.161606451
-40,28,1.170722411
-40,30,1.180723086
-40,32,1.191638946
-40,34,1.203504543
-40,36,1.21635884
-40,38,1.230245588
-40,40,1.245213763
-40,42,1.26131807
-40,44,1.278619528
-40,46,1.297186139
-40,48,1.317093668
-40,50,1.338426544
-40,52,1.361278899
-40,54,1.385755789
-40,56,1.411974605
-40,58,1.440066733
-40,60,1.470179494
-40,62,1.50247844
-40,64,1.537150061
-40,66,1.574405012
-40,68,1.61448196
-40,70,1.657652204
-40,72,1.704225255
-40,74,1.754555611
-40,76,1.809051036
-40,78,1.868182753
-38,-80,2.755203851
-38,-78,2.580977891
-38,-76,2.429368113
-38,-74,2.296437839
-38,-72,2.17911545
-38,-70,2.074969401
-38,-68,1.982049992
-38,-66,1.898775868
-38,-64,1.823851168
-38,-62,1.756204077
-38,-60,1.694940605
-38,-58,1.639309361
-38,-56,1.588674388
-38,-54,1.542493991
-38,-52,1.500304065
-38,-50,1.461704847
-38,-48,1.426350306
-38,-46,1.393939573
-38,-44,1.364209961
-38,-42,1.336931262
-38,-40,1.311901037
-38,-38,1.288940715
-38,-36,1.267892337
-38,-34,1.248615839
-38,-32,1.230986749
-38,-30,1.214894258
-38,-28,1.200239566
-38,-26,1.186934485
-38,-24,1.174900239
-38,-22,1.164066437
-38,-20,1.154370193
-38,-18,1.145755364
-38,-16,1.138171894
-38,-14,1.13157525
-38,-12,1.125925936
-38,-10,1.121189065
-38,-8,1.117334005
-38,-6,1.114334059
-38,-4,1.112166203
-38,-2,1.11081086
-38,0,1.110251707
-38,2,1.109318178
-38,4,1.109153435
-38,6,1.109753584
-38,8,1.111113095
-38,10,1.113229211
-38,12,1.116101922
-38,14,1.119733958
-38,16,1.1241308
-38,18,1.129300725
-38,20,1.13525487
-38,22,1.142007315
-38,24,1.149575209
-38,26,1.157978904
-38,28,1.167242139
-38,30,1.177392244
-38,32,1.188460389
-38,34,1.20048187
-38,36,1.213496447
-38,38,1.227548727
-38,40,1.24268862
-38,42,1.258971846
-38,44,1.276460545
-38,46,1.295223954
-38,48,1.315339217
-38,50,1.336892297
-38,52,1.359979059
-38,54,1.384706509
-38,56,1.411194253
-38,58,1.439576201
-38,60,1.470002568
-38,62,1.502642235
-38,64,1.537685542
-38,66,1.575347618
-38,68,1.615872356
-38,70,1.659537191
-38,72,1.70665888
-38,74,1.757600522
-38,76,1.812780158
-38,78,1.872681362
-36,-80,2.69395504
-36,-78,2.527414247
-36,-76,2.38210395
-36,-74,2.254399674
-36,-72,2.141459051
-36,-70,2.041021912
-36,-68,1.951268715
-36,-66,1.870718375
-36,-64,1.798153273
-36,-62,1.732563358
-36,-60,1.673103916
-36,-58,1.619063249
-36,-56,1.569837659
-36,-54,1.524911883
-36,-52,1.483843636
-36,-50,1.446251299
-36,-48,1.411804025
-36,-46,1.380213725
-36,-44,1.351228539
-36,-42,1.324627477
-36,-40,1.300215984
-36,-38,1.27782227
-36,-36,1.257294235
-36,-34,1.238496896
-36,-32,1.221310211
-36,-30,1.20562724
-36,-28,1.191352586
-36,-26,1.178401058
-36,-24,1.166696534
-36,-22,1.156170978
-36,-20,1.146763605
-36,-18,1.138420148
-36,-16,1.13109224
-36,-14,1.124736868
-36,-12,1.11931591
-36,-10,1.114795732
-36,-8,1.11114684
-36,-6,1.108343583
-36,-4,1.106363899
-36,-2,1.105189102
-36,0,1.104803698
-36,2,1.104043165
-36,4,1.104046029
-36,6,1.104808845
-36,8,1.106326748
-36,10,1.108597623
-36,12,1.11162208
-36,14,1.115403453
-36,16,1.119947818
-36,18,1.125264041
-36,20,1.131363848
-36,22,1.138261918
-36,24,1.145976005
-36,26,1.154527091
-36,28,1.163939563
-36,30,1.174241432
-36,32,1.185464588
-36,34,1.197645093
-36,36,1.210823527
-36,38,1.225045389
-36,40,1.240361551
-36,42,1.256828795
-36,44,1.274510423
-36,46,1.293476967
-36,48,1.313807005
-36,50,1.335588114
-36,52,1.358917967
-36,54,1.383905619
-36,56,1.410673005
-36,58,1.439356688
-36,60,1.470109929
-36,62,1.503105116
-36,64,1.538536651
-36,66,1.576624386
-36,68,1.617617737
-36,70,1.661800633
-36,72,1.7094975
-36,74,1.761080559
-36,76,1.816978757
-36,78,1.877688798
-34,-80,2.63593116
-34,-78,2.476526934
-34,-76,2.337090207
-34,-74,2.214276013
-34,-72,2.105448502
-34,-70,2.008502721
-34,-68,1.921737593
-34,-66,1.843763691
-34,-64,1.773435202
-34,-62,1.70979896
-34,-60,1.652055783
-34,-58,1.599530758
-34,-56,1.551650166
-34,-54,1.50792337
-34,-52,1.467928462
-34,-50,1.431300803
-34,-48,1.397723783
-34,-46,1.366921323
-34,-44,1.338651754
-34,-42,1.312702771
-34,-40,1.28888727
-34,-38,1.267039871
-34,-36,1.247014025
-34,-34,1.228679565
-34,-32,1.211920654
-34,-30,1.196634037
-34,-28,1.182727553
-34,-26,1.170118871
-34,-24,1.158734398
-34,-22,1.148508353
-34,-20,1.139381958
-34,-18,1.131302747
-34,-16,1.124223972
-34,-14,1.118104079
-34,-12,1.112906273
-34,-10,1.108598122
-34,-8,1.105151235
-34,-6,1.102540971
-34,-4,1.100746202
-34,-2,1.099749106
-34,0,1.099534996
-34,2,1.098945195
-34,4,1.099113763
-34,6,1.100037687
-34,8,1.101712762
-34,10,1.104137506
-34,12,1.107313142
-34,14,1.111243604
-34,16,1.115935562
-34,18,1.121398474
-34,20,1.127644658
-34,22,1.134689396
-34,24,1.142551059
-34,26,1.151251265
-34,28,1.160815064
-34,30,1.171271167
-34,32,1.1826522
-34,34,1.194995016
-34,36,1.208341046
-34,38,1.222736705
-34,40,1.238233871
-34,42,1.254890426
-34,44,1.272770886
-34,46,1.291947131
-34,48,1.312499242
-34,50,1.33451648
-34,52,1.35809842
-34,54,1.383356264
-34,56,1.410414391
-34,58,1.439412157
-34,60,1.470506028
-34,62,1.503872088
-34,64,1.539709023
-34,66,1.578241673
-34,68,1.619725291
-34,70,1.664450674
-34,72,1.712750376
-34,74,1.765006286
-34,76,1.821658934
-34,78,1.88321898
-32,-80,2.580909593
-32,-78,2.42814302
-32,-76,2.294190349
-32,-74,2.175957507
-32,-72,2.070995098
-32,-70,1.977339046
-32,-68,1.893396291
-32,-66,1.817861333
-32,-64,1.749654355
-32,-62,1.687874657
-32,-60,1.631765181
-32,-58,1.580685146
-32,-56,1.534088721
-32,-54,1.491508234
-32,-52,1.452540826
-32,-50,1.416837759
-32,-48,1.384095785
-32,-46,1.354050119
-32,-44,1.326468688
-32,-42,1.301147383
-32,-40,1.277906137
-32,-38,1.256585639
-32,-36,1.237044595
-32,-34,1.219157413
-32,-32,1.202812251
-32,-30,1.187909355
-32,-28,1.174359652
-32,-26,1.162083534
-32,-24,1.151009828
-32,-22,1.141074905
-32,-20,1.13222191
-32,-18,1.124400104
-32,-16,1.117564292
-32,-14,1.111674327
-32,-12,1.106694686
-32,-10,1.102594102
-32,-8,1.099345244
-32,-6,1.096924454
-32,-4,1.095311507
-32,-2,1.094489423
-32,0,1.094444302
-32,2,1.094023111
-32,4,1.094355611
-32,6,1.095439218
-32,8,1.097270371
-32,10,1.099848215
-32,12,1.103174582
-32,14,1.107254005
-32,16,1.112093747
-32,18,1.117703856
-32,20,1.124097251
-32,22,1.131289822
-32,24,1.139300565
-32,26,1.148151747
-32,28,1.157869096
-32,30,1.168482038
-32,32,1.180023961
-32,34,1.19253253
-32,36,1.206050054
-32,38,1.220623903
-32,40,1.236306995
-32,42,1.253158357
-32,44,1.271243772
-32,46,1.290636526
-32,48,1.311418272
-32,50,1.333680037
-32,52,1.357523382
-32,54,1.383061768
-32,56,1.41042214
-32,58,1.439746792
-32,60,1.471195563
-32,62,1.504948434
-32,64,1.541208607
-32,66,1.58020619
-32,68,1.622202607
-32,70,1.667495922
-32,72,1.716427299
-32,74,1.769388885
-32,76,1.826833506
-32,78,1.889286667
-30,-80,2.528688188
-30,-78,2.382104542
-30,-76,2.253279012
-30,-74,2.139343281
-30,-72,2.038016671
-30,-70,1.947463215
-30,-68,1.866188519
-30,-66,1.792964056
-30,-64,1.726770754
-30,-62,1.666756365
-30,-60,1.612202852
-30,-58,1.562501139
-30,-56,1.517131365
-30,-54,1.475647296
-30,-52,1.437663889
-30,-50,1.402847318
-30,-48,1.370906882
-30,-46,1.341588423
-30,-44,1.31466891
-30,-42,1.289951974
-30,-40,1.267264199
-30,-38,1.246452021
-30,-36,1.227379128
-30,-34,1.20992427
-30,-32,1.193979403
-30,-30,1.179448109
-30,-28,1.166244252
-30,-26,1.154290828
-30,-24,1.143518972
-30,-22,1.133867115
-30,-20,1.125280246
-30,-18,1.117709281
-30,-16,1.111110517
-30,-14,1.105445158
-30,-12,1.10067891
-30,-10,1.096781628
-30,-8,1.093727011
-30,-6,1.091492346
-30,-4,1.090058291
-30,-2,1.089408682
-30,0,1.089530387
-30,2,1.089275823
-30,4,1.08977062
-30,6,1.09101261
-30,8,1.092998872
-30,10,1.09572917
-30,12,1.099205941
-30,14,1.103434315
-30,16,1.108422147
-30,18,1.114180083
-30,20,1.120721643
-30,22,1.128063333
-30,24,1.136224787
-30,26,1.14522893
-30,28,1.155102188
-30,30,1.165874718
-30,32,1.177580691
-30,34,1.190258612
-30,36,1.203951698
-30,38,1.218708308
-30,40,1.234582443
-30,42,1.25163432
-30,44,1.269931043
-30,46,1.289547366
-30,48,1.310566587
-30,50,1.333081578
-30,52,1.357195989
-30,54,1.383025647
-30,56,1.410700194
-30,58,1.440365013
-30,60,1.472183496
-30,62,1.506339729
-30,64,1.543041681
-30,66,1.582525023
-30,68,1.625057701
-30,70,1.670945473
-30,72,1.720538625
-30,74,1.774240187
-30,76,1.832516049
-30,78,1.895907508
-28,-80,2.479082983
-28,-78,2.33826694
-28,-76,2.214240893
-28,-74,2.104340145
-28,-72,2.006437008
-28,-70,1.918812234
-28,-68,1.840061709
-28,-66,1.769027608
-28,-64,1.704746851
-28,-62,1.646411995
-28,-60,1.593341189
-28,-58,1.544954839
-28,-56,1.500757295
-28,-54,1.46032235
-28,-52,1.423281647
-28,-50,1.389315345
-28,-48,1.35814454
-28,-46,1.329525077
-28,-44,1.303242455
-28,-42,1.279107613
-28,-40,1.256953429
-28,-38,1.23663178
-28,-36,1.218011084
-28,-34,1.200974215
-28,-32,1.185416739
-28,-30,1.171245415
-28,-28,1.158376909
-28,-26,1.146736699
-28,-24,1.136258132
-28,-22,1.126881607
-28,-20,1.118553881
-28,-18,1.111227457
-28,-16,1.104860068
-28,-14,1.099414219
-28,-12,1.094856799
-28,-10,1.091158748
-28,-8,1.088294759
-28,-6,1.086243042
-28,-4,1.084985104
-28,-2,1.084505583
-28,0,1.084792096
-28,2,1.084702312
-28,4,1.085357901
-28,6,1.086757103
-28,8,1.088897629
-28,10,1.091779856
-28,12,1.095406824
-28,14,1.099784258
-28,16,1.104920607
-28,18,1.110827117
-28,20,1.117517917
-28,22,1.125010138
-28,24,1.133324059
-28,26,1.142483284
-28,28,1.152514945
-28,30,1.163449956
-28,32,1.175323292
-28,34,1.188174328
-28,36,1.202047218
-28,38,1.216991348
-28,40,1.233061843
-28,42,1.250320162
-28,44,1.268834784
-28,46,1.288682
-28,48,1.309946824
-28,50,1.332724064
-28,52,1.357119557
-28,54,1.383251614
-28,56,1.411252712
-28,58,1.441271484
-28,60,1.473475062
-28,62,1.508051858
-28,64,1.545214873
-28,66,1.585205651
-28,68,1.62829904
-28,70,1.674808939
-28,72,1.725095305
-28,74,1.779572717
-28,76,1.838720951
-28,78,1.90309811
-26,-80,2.431926222
-26,-78,2.296497679
-26,-76,2.176969777
-26,-74,2.070861889
-26,-72,1.976185334
-26,-70,1.891327403
-26,-68,1.814966722
-26,-66,1.746010504
-26,-64,1.683547356
-26,-62,1.626811313
-26,-60,1.575154123
-26,-58,1.528023635
-26,-56,1.484946791
-26,-54,1.445516114
-26,-52,1.40937888
-26,-50,1.376228381
-26,-48,1.345796807
-26,-46,1.31784943
-26,-44,1.292179796
-26,-42,1.268605755
-26,-40,1.246966139
-26,-38,1.227117985
-26,-36,1.208934197
-26,-34,1.192301569
-26,-32,1.177119103
-26,-30,1.163296584
-26,-28,1.150753352
-26,-26,1.139417257
-26,-24,1.129223756
-26,-22,1.120115138
-26,-20,1.112039852
-26,-18,1.104951928
-26,-16,1.098810477
-26,-14,1.093579258
-26,-12,1.089226303
-26,-10,1.085723598
-26,-8,1.083046801
-26,-6,1.081175014
-26,-4,1.080090577
-26,-2,1.079778903
-26,0,1.080228342
-26,2,1.080301628
-26,4,1.081116634
-26,6,1.082672004
-26,8,1.084966072
-26,10,1.087999824
-26,12,1.091776901
-26,14,1.096303622
-26,16,1.101589035
-26,18,1.107644988
-26,20,1.114486226
-26,22,1.122130515
-26,24,1.130598793
-26,26,1.139915352
-26,28,1.150108054
-26,30,1.161208587
-26,32,1.173252758
-26,34,1.186280836
-26,36,1.200337952
-26,38,1.215474554
-26,40,1.231746937
-26,42,1.249217852
-26,44,1.267957216
-26,46,1.28804292
-26,48,1.309561778
-26,50,1.332610624
-26,52,1.357297588
-26,54,1.38374359
-26,56,1.412084085
-26,58,1.442471125
-26,60,1.475075782
-26,62,1.510091029
-26,64,1.547735175
-26,66,1.588255973
-26,68,1.631935566
-26,70,1.67909648
-26,72,1.730108922
-26,74,1.785399736
-26,76,1.84546346
-26,78,1.910876091
-24,-80,2.387064627
-24,-78,2.256675042
-24,-76,2.141367673
-24,-74,2.038828652
-24,-72,1.947195847
-24,-70,1.864953962
-24,-68,1.790857578
-24,-66,1.723873826
-24,-64,1.663139076
-24,-62,1.607925818
-24,-60,1.557617028
-24,-58,1.511686128
-24,-56,1.469681158
-24,-54,1.431212173
-24,-52,1.395941112
-24,-50,1.363573605
-24,-48,1.333852287
-24,-46,1.306551313
-24,-44,1.281471833
-24,-42,1.258438228
-24,-40,1.237294972
-24,-38,1.217903994
-24,-36,1.200142459
-24,-34,1.183900886
-24,-32,1.16908155
-24,-30,1.155597118
-24,-28,1.143369485
-24,-26,1.132328765
-24,-24,1.122412437
-24,-22,1.113564598
-24,-20,1.105735321
-24,-18,1.098880103
-24,-16,1.092959382
-24,-14,1.087938123
-24,-12,1.083785464
-24,-10,1.080474402
-24,-8,1.077981531
-24,-6,1.076286818
-24,-4,1.075373414
-24,-2,1.075227489
-24,0,1.075838113
-24,2,1.07607289
-24,4,1.077046068
-24,6,1.078756685
-24,8,1.081203696
-24,10,1.08438869
-24,12,1.088315908
-24,14,1.092992264
-24,16,1.098427407
-24,18,1.104633794
-24,20,1.111626794
-24,22,1.119424816
-24,24,1.128049471
-24,26,1.137525756
-24,28,1.147882281
-24,30,1.159151531
-24,32,1.171370169
-24,34,1.184579393
-24,36,1.198825342
-24,38,1.214159568
-24,40,1.230639583
-24,42,1.248329487
-24,44,1.267300693
-24,46,1.287632767
-24,48,1.309414406
-24,50,1.332744565
-24,52,1.357733781
-24,54,1.384505712
-24,56,1.413198945
-24,58,1.443969127
-24,60,1.47699148
-24,62,1.512463789
-24,64,1.550609966
-24,66,1.591684323
-24,68,1.635976724
-24,70,1.683818832
-24,72,1.735591729
-24,74,1.791735284
-24,76,1.852759738
-24,78,1.919260157
-22,-80,2.344357886
-22,-78,2.218687062
-22,-76,2.107344046
-22,-74,2.008166361
-22,-72,1.919407297
-22,-70,1.839640781
-22,-68,1.767691223
-22,-66,1.702581027
-22,-64,1.64349077
-22,-62,1.589728625
-22,-60,1.540706628
-22,-58,1.495922052
-22,-56,1.454942662
-22,-54,1.417394934
-22,-52,1.382954572
-22,-50,1.351338807
-22,-48,1.322300109
-22,-46,1.295621018
-22,-44,1.271109866
-22,-42,1.248597216
-22,-40,1.227932886
-22,-38,1.208983447
-22,-36,1.191630111
-22,-34,1.175766943
-22,-32,1.161299335
-22,-30,1.148142703
-22,-28,1.136221378
-22,-26,1.125467642
-22,-24,1.115820907
-22,-22,1.107227005
-22,-20,1.099637568
-22,-18,1.093009501
-22,-16,1.087304521
-22,-14,1.082488759
-22,-12,1.078532417
-22,-10,1.075409471
-22,-8,1.073097425
-22,-6,1.071577088
-22,-4,1.070832396
-22,-2,1.070850266
-22,0,1.071620468
-22,2,1.072015289
-22,4,1.07314552
-22,6,1.07501059
-22,8,1.077610064
-22,10,1.080946139
-22,12,1.085023649
-22,14,1.089850109
-22,16,1.09543577
-22,18,1.101793705
-22,20,1.108939916
-22,22,1.116893467
-22,24,1.125676654
-22,26,1.135315198
-22,28,1.145838476
-22,30,1.157279794
-22,32,1.169676701
-22,34,1.183071351
-22,36,1.197510932
-22,38,1.213048142
-22,40,1.229741762
-22,42,1.247657292
-22,44,1.266867711
-22,46,1.287454336
-22,48,1.309507833
-22,50,1.333129381
-22,52,1.35843204
-22,54,1.385542344
-22,56,1.414602174
-22,58,1.44577096
-22,60,1.479228297
-22,62,1.515177043
-22,64,1.553847028
-22,66,1.595499499
-22,68,1.64043249
-22,70,1.688987346
-22,72,1.741556691
-22,74,1.798594234
-22,76,1.86062693
-22,78,1.928270169
-20,-80,2.303677324
-20,-78,2.182430579
-20,-76,2.074815135
-20,-74,1.978806228
-20,-72,1.892762614
-20,-70,1.815340069
-20,-68,1.7454273
-20,-66,1.682097771
-20,-64,1.624573015
-20,-62,1.572194362
-20,-60,1.524400913
-20,-58,1.48071221
-20,-56,1.440714475
-20,-54,1.40404958
-20,-52,1.370406156
-20,-50,1.33951235
-20,-48,1.311129906
-20,-46,1.285049277
-20,-44,1.261085585
-20,-42,1.239075244
-20,-40,1.218873141
-20,-38,1.200350252
-20,-36,1.183391639
-20,-34,1.167894739
-20,-32,1.153767913
-20,-30,1.140929202
-20,-28,1.129305263
-20,-26,1.118830453
-20,-24,1.109446035
-20,-22,1.101099504
-20,-20,1.093743989
-20,-18,1.087337752
-20,-16,1.081843739
-20,-14,1.077229206
-20,-12,1.073465385
-20,-10,1.070527203
-20,-8,1.068393043
-20,-6,1.067044534
-20,-4,1.066466383
-20,-2,1.06664623
-20,0,1.067574536
-20,2,1.068128085
-20,4,1.069414377
-20,6,1.071433226
-20,8,1.07418481
-20,10,1.077671922
-20,12,1.081899997
-20,14,1.086877149
-20,16,1.09261424
-20,18,1.099124962
-20,20,1.106425961
-20,22,1.114536969
-20,24,1.123480983
-20,26,1.133284464
-20,28,1.143977577
-20,30,1.155594476
-20,32,1.168173622
-20,34,1.181758165
-20,36,1.196396376
-20,38,1.212142147
-20,40,1.229055576
-20,42,1.247203628
-20,44,1.266660914
-20,46,1.287510583
-20,48,1.30984536
-20,50,1.333768757
-20,52,1.359396481
-20,54,1.386858089
-20,56,1.41629892
-20,58,1.447882392
-20,60,1.481792706
-20,62,1.518238074
-20,64,1.557454574
-20,66,1.599710787
-20,68,1.6453134
-20,70,1.694614021
-20,72,1.748017526
-20,74,1.805992341
-20,76,1.869083218
-20,78,1.93792723
-18,-80,2.264904744
-18,-78,2.147810407
-18,-76,2.043703342
-18,-74,1.950684299
-18,-72,1.867208563
-18,-70,1.792007118
-18,-68,1.724027957
-18,-66,1.66239177
-18,-64,1.606358084
-18,-62,1.555299067
-18,-60,1.508679058
-18,-58,1.46603841
-18,-56,1.426980625
-18,-54,1.391162025
-18,-52,1.358283391
-18,-50,1.32808315
-18,-48,1.30033179
-18,-46,1.27482724
-18,-44,1.251391045
-18,-42,1.229865163
-18,-40,1.210109287
-18,-38,1.191998579
-18,-36,1.17542176
-18,-34,1.160279478
-18,-32,1.146482927
-18,-30,1.133952651
-18,-28,1.122617532
-18,-26,1.11241391
-18,-24,1.103284824
-18,-22,1.095179363
-18,-20,1.088052097
-18,-18,1.081862591
-18,-16,1.076574978
-18,-14,1.072157599
-18,-12,1.068582684
-18,-10,1.06582608
-18,-8,1.063867025
-18,-6,1.062687948
-18,-4,1.062274306
-18,-2,1.06261445
-18,0,1.06369952
-18,2,1.064410608
-18,4,1.065852093
-18,6,1.068024173
-18,8,1.070927631
-18,10,1.074565859
-18,12,1.078944893
-18,14,1.084073449
-18,16,1.089963002
-18,18,1.096627879
-18,20,1.104085374
-18,22,1.112355902
-18,24,1.121463177
-18,26,1.13143442
-18,28,1.142300608
-18,30,1.154096767
-18,32,1.166862304
-18,34,1.180641396
-18,36,1.19548344
-18,38,1.211443572
-18,40,1.22858326
-18,42,1.246970997
-18,44,1.266683099
-18,46,1.287804628
-18,48,1.31043047
-18,50,1.33466658
-18,52,1.360631445
-18,54,1.388457792
-18,56,1.418294607
-18,58,1.450309499
-18,60,1.484691529
-18,62,1.521654557
-18,64,1.561441265
-18,66,1.60432799
-18,68,1.650630584
-18,70,1.700711543
-18,72,1.754988756
-18,74,1.813946302
-18,76,1.8781479
-18,78,1.948253764
-16,-80,2.22793139
-16,-78,2.11473859
-16,-76,2.013936692
-16,-74,1.923741045
-16,-72,1.84269544
-16,-70,1.769600069
-16,-68,1.703457659
-16,-66,1.643432642
-16,-64,1.588819829
-16,-62,1.539020103
-16,-60,1.493521355
-16,-58,1.451883403
-16,-56,1.413725948
-16,-54,1.378718878
-16,-52,1.346574403
-16,-50,1.31704064
-16,-48,1.289896326
-16,-46,1.264946456
-16,-44,1.242018656
-16,-42,1.220960137
-16,-40,1.201635154
-16,-38,1.183922846
-16,-36,1.167715415
-16,-34,1.152916571
-16,-32,1.139440204
-16,-30,1.127209254
-16,-28,1.116154729
-16,-26,1.106214865
-16,-24,1.097334407
-16,-22,1.089463972
-16,-20,1.082559517
-16,-18,1.076581859
-16,-16,1.07149628
-16,-14,1.067272167
-16,-12,1.063882716
-16,-10,1.061304669
-16,-8,1.059518094
-16,-6,1.058506198
-16,-4,1.058255175
-16,-2,1.058754071
-16,0,1.059994692
-16,2,1.060862258
-16,4,1.062458194
-16,6,1.064783079
-16,8,1.067838296
-16,10,1.071627841
-16,12,1.076158347
-16,14,1.08143914
-16,16,1.087482317
-16,18,1.094302842
-16,20,1.101918674
-16,22,1.110350924
-16,24,1.11962404
-16,26,1.129766022
-16,28,1.140808685
-16,30,1.152787954
-16,32,1.165744214
-16,34,1.179722709
-16,36,1.194774007
-16,38,1.210954532
-16,40,1.228327182
-16,42,1.246962045
-16,44,1.266937219
-16,46,1.288339768
-16,48,1.311266839
-16,50,1.335826948
-16,52,1.362141502
-16,54,1.390346563
-16,56,1.420594947
-16,58,1.453058685
-16,60,1.487931957
-16,62,1.525434587
-16,64,1.565816237
-16,66,1.609361455
-16,68,1.656395803
-16,70,1.707293329
-16,72,1.762485752
-16,74,1.822473817
-16,76,1.887841459
-16,78,1.959273618
-14,-80,2.192657045
-14,-78,2.083133745
-14,-76,1.985448339
-14,-74,1.897921002
-14,-72,1.819176796
-14,-70,1.748079694
-14,-68,1.683683026
-14,-66,1.625191783
-14,-64,1.571933584
-14,-62,1.523336071
-14,-60,1.47890914
-14,-58,1.438230833
-14,-56,1.400936042
-14,-54,1.366707404
-14,-52,1.335267891
-14,-50,1.306374751
-14,-48,1.279814514
-14,-46,1.255398859
-14,-44,1.232961166
-14,-42,1.212353632
-14,-40,1.19344484
-14,-38,1.176117713
-14,-36,1.160267764
-14,-34,1.145801621
-14,-32,1.132635751
-14,-30,1.120695378
-14,-28,1.109913545
-14,-26,1.100230308
-14,-24,1.091592042
-14,-22,1.083950838
-14,-20,1.077263981
-14,-18,1.071493501
-14,-16,1.066605784
-14,-14,1.062571231
-14,-12,1.059363973
-14,-10,1.05696162
-14,-8,1.055345049
-14,-6,1.05449823
-14,-4,1.054408072
-14,-2,1.055064308
-14,0,1.056459398
-14,2,1.057482507
-14,4,1.059232274
-14,6,1.061709659
-14,8,1.064916645
-14,10,1.068857826
-14,12,1.073540442
-14,14,1.078974431
-14,16,1.085172517
-14,18,1.092150314
-14,20,1.099926459
-14,22,1.108522774
-14,24,1.117964457
-14,26,1.128280312
-14,28,1.139503014
-14,30,1.151669421
-14,32,1.164820928
-14,34,1.179003886
-14,36,1.194270076
-14,38,1.210677268
-14,40,1.22828985
-14,42,1.247179571
-14,44,1.267426393
-14,46,1.289119477
-14,48,1.312358336
-14,50,1.337254177
-14,52,1.363931467
-14,54,1.392529779
-14,56,1.423205958
-14,58,1.456136692
-14,60,1.491521564
-14,62,1.529586696
-14,64,1.57058913
-14,66,1.614822106
-14,68,1.662621481
-14,70,1.714373569
-14,72,1.770524796
-14,74,1.831593653
-14,76,1.898185652
-14,78,1.971012159
-12,-80,2.158989218
-12,-78,2.05292047
-12,-76,1.958176134
-12,-74,1.873172435
-12,-72,1.796609181
-12,-70,1.727409202
-12,-68,1.664672676
-12,-66,1.607642245
-12,-64,1.55567606
-12,-62,1.508226734
-12,-60,1.464824737
-12,-58,1.425065181
-12,-56,1.388597224
-12,-54,1.35511549
-12,-52,1.324353089
-12,-50,1.296075884
-12,-48,1.270077769
-12,-46,1.246176745
-12,-44,1.224211647
-12,-42,1.204039399
-12,-40,1.185532701
-12,-38,1.168578069
-12,-36,1.153074175
-12,-34,1.138930424
-12,-32,1.126065746
-12,-30,1.114407548
-12,-28,1.10389082
-12,-26,1.094457362
-12,-24,1.086055115
-12,-22,1.078637583
-12,-20,1.072163333
-12,-18,1.066595563
-12,-16,1.061901724
-12,-14,1.0580532
-12,-12,1.05502503
-12,-10,1.052795665
-12,-8,1.051346774
-12,-6,1.050663067
-12,-4,1.050732158
-12,-2,1.051544451
-12,0,1.053093055
-12,2,1.054270896
-12,4,1.056173999
-12,6,1.0588037
-12,8,1.062162584
-12,10,1.066255845
-12,12,1.07109133
-12,14,1.076679598
-12,16,1.083034008
-12,18,1.090170836
-12,20,1.098109408
-12,22,1.106872272
-12,24,1.116485401
-12,26,1.126978422
-12,28,1.138384901
-12,30,1.150742655
-12,32,1.164094128
-12,34,1.178486819
-12,36,1.193973773
-12,38,1.210614156
-12,40,1.228473913
-12,42,1.247626529
-12,44,1.268153912
-12,46,1.290147418
-12,48,1.313709042
-12,50,1.338952811
-12,52,1.366006411
-12,54,1.395013102
-12,56,1.426133973
-12,58,1.459550622
-12,60,1.495468332
-12,62,1.534119879
-12,64,1.575770111
-12,66,1.620721475
-12,68,1.669320749
-12,70,1.721967278
-12,72,1.779123133
-12,74,1.841325723
-12,76,1.909203594
-12,78,1.983496388
-10,-80,2.126842433
-10,-78,2.024028817
-10,-76,1.932062231
-10,-74,1.849447046
-10,-72,1.774951917
-10,-70,1.707554067
-10,-68,1.646397091
-10,-66,1.590758623
-10,-64,1.540025267
-10,-62,1.493672949
-10,-60,1.451251393
-10,-58,1.412371723
-10,-56,1.376696495
-10,-54,1.343931615
-10,-52,1.313819748
-10,-50,1.286134891
-10,-48,1.260677899
-10,-46,1.23727276
-10,-44,1.21576348
-10,-42,1.19601147
-10,-40,1.17789334
-10,-38,1.16129903
-10,-36,1.146130216
-10,-34,1.132298959
-10,-32,1.119726535
-10,-30,1.108342441
-10,-28,1.098083532
-10,-26,1.088893279
-10,-24,1.080721128
-10,-22,1.073521941
-10,-20,1.06725552
-10,-18,1.061886188
-10,-16,1.057382429
-10,-14,1.053716576
-10,-12,1.050864549
-10,-10,1.04880562
-10,-8,1.047522227
-10,-6,1.046999806
-10,-4,1.047226663
-10,-2,1.048193862
-10,0,1.049895151
-10,2,1.051227038
-10,4,1.053283104
-10,6,1.05606506
-10,8,1.059576092
-10,10,1.063821999
-10,12,1.068811238
-10,14,1.074554994
-10,16,1.081067275
-10,18,1.088365025
-10,20,1.096468278
-10,22,1.105400326
-10,24,1.115187933
-10,26,1.12586158
-10,28,1.137455746
-10,30,1.150009245
-10,32,1.163565606
-10,34,1.17817352
-10,36,1.193887347
-10,38,1.210767709
-10,40,1.228882173
-10,42,1.248306035
-10,44,1.269123243
-10,46,1.291427448
-10,48,1.315323249
-10,50,1.340927632
-10,52,1.368371666
-10,54,1.397802488
-10,56,1.429385661
-10,58,1.463307955
-10,60,1.49978067
-10,62,1.539043617
-10,64,1.581369906
-10,66,1.62707174
-10,68,1.676507488
-10,70,1.730090345
-10,72,1.788299039
-10,74,1.851691155
-10,76,1.920919856
-10,78,1.99675506
-8,-80,2.096137589
-8,-78,1.996393825
-8,-76,1.907052729
-8,-74,1.826699698
-8,-72,1.754166891
-8,-70,1.688481857
-8,-68,1.628828483
-8,-66,1.57451696
-8,-64,1.524960422
-8,-62,1.479656593
-8,-60,1.43817323
-8,-58,1.400136481
-8,-56,1.365221499
-8,-54,1.333144816
-8,-52,1.303658105
-8,-50,1.276543051
-8,-48,1.251607091
-8,-46,1.228679885
-8,-44,1.207610344
-8,-42,1.188264139
-8,-40,1.1705216
-8,-38,1.154275923
-8,-36,1.139431653
-8,-34,1.125903379
-8,-32,1.113614625
-8,-30,1.102496884
-8,-28,1.092488799
-8,-26,1.083535442
-8,-24,1.075587705
-8,-22,1.068601759
-8,-20,1.062538594
-8,-18,1.05736362
-8,-16,1.05304632
-8,-14,1.049559947
-8,-12,1.046881276
-8,-10,1.04499038
-8,-8,1.043870447
-8,-6,1.043507624
-8,-4,1.043890895
-8,-2,1.045011976
-8,0,1.046865246
-8,2,1.048350616
-8,4,1.050559394
-8,6,1.053493666
-8,8,1.057157219
-8,10,1.06155646
-8,12,1.066700463
-8,14,1.072601047
-8,16,1.079272875
-8,18,1.086733578
-8,20,1.095003909
-8,22,1.104107925
-8,24,1.114073205
-8,26,1.124931104
-8,28,1.13671705
-8,30,1.149470886
-8,32,1.163237268
-8,34,1.178066124
-8,36,1.194013182
-8,38,1.211140582
-8,40,1.229517581
-8,42,1.249221374
-8,44,1.270338036
-8,46,1.292963627
-8,48,1.317205475
-8,50,1.343183673
-8,52,1.371032844
-8,54,1.400904209
-8,56,1.432968039
-8,58,1.467416563
-8,60,1.504467436
-8,62,1.544367907
-8,64,1.587399832
-8,66,1.633885762
-8,68,1.684196372
-8,70,1.738759588
-8,72,1.798071887
-8,74,1.862712386
-8,76,1.933360574
-8,78,2.010818819
-6,-80,2.06680139
-6,-78,1.969955091
-6,-76,1.883097358
-6,-74,1.804888177
-6,-72,1.734218364
-6,-70,1.670162093
-6,-68,1.611940682
-6,-66,1.558894644
-6,-64,1.510461883
-6,-62,1.466160512
-6,-60,1.425575193
-6,-58,1.388346185
-6,-56,1.354160493
-6,-54,1.322744659
-6,-52,1.293858863
-6,-50,1.26729205
-6,-48,1.242857892
-6,-46,1.220391421
-6,-44,1.199746202
-6,-42,1.180791958
-6,-40,1.163412553
-6,-38,1.147504287
-6,-36,1.132974439
-6,-34,1.119740014
-6,-32,1.107726682
-6,-30,1.096867849
-6,-28,1.087103869
-6,-26,1.078381354
-6,-24,1.070652584
-6,-22,1.063874989
-6,-20,1.058010708
-6,-18,1.053026198
-6,-16,1.048891908
-6,-14,1.045581988
-6,-12,1.043074041
-6,-10,1.041348921
-6,-8,1.040390549
-6,-6,1.04018577
-6,-4,1.040724233
-6,-2,1.0419983
-6,0,1.044002971
-6,2,1.045641386
-6,4,1.048002746
-6,6,1.051089517
-6,8,1.054906087
-6,10,1.059459475
-6,12,1.064759379
-6,14,1.07081826
-6,16,1.077651448
-6,18,1.085277274
-6,20,1.093717227
-6,22,1.102996149
-6,24,1.113142458
-6,26,1.124188412
-6,28,1.136170418
-6,30,1.149129385
-6,32,1.163111138
-6,34,1.178166891
-6,36,1.194353796
-6,38,1.211735575
-6,40,1.230383254
-6,42,1.250376005
-6,44,1.271802136
-6,46,1.294760228
-6,48,1.319360471
-6,50,1.345726224
-6,52,1.373995846
-6,54,1.404324857
-6,56,1.436888491
-6,58,1.471884736
-6,60,1.509537963
-6,62,1.550103288
-6,64,1.593871833
-6,66,1.641177127
-6,68,1.692402921
-6,70,1.74799282
-6,72,1.808462221
-6,74,1.874413244
-6,76,1.946553559
-6,78,2.02572034
-4,-80,2.038765837
-4,-78,1.944656392
-4,-76,1.860149184
-4,-74,1.783972964
-4,-72,1.715072798
-4,-70,1.652566109
-4,-68,1.595709024
-4,-66,1.543870329
-4,-64,1.496511071
-4,-62,1.453168454
-4,-60,1.413443002
-4,-58,1.376988234
-4,-56,1.343502312
-4,-54,1.312721218
-4,-52,1.284413165
-4,-50,1.258373965
-4,-48,1.234423192
-4,-46,1.212400972
-4,-44,1.192165292
-4,-42,1.173589721
-4,-40,1.15656149
-4,-38,1.140979858
-4,-36,1.126754708
-4,-34,1.113805356
-4,-32,1.102059523
-4,-30,1.091452446
-4,-28,1.081926122
-4,-26,1.073428641
-4,-24,1.065913616
-4,-22,1.059339692
-4,-20,1.053670113
-4,-18,1.048872354
-4,-16,1.044917797
-4,-14,1.041781459
-4,-12,1.039441755
-4,-10,1.037880298
-4,-8,1.037081726
-4,-6,1.037033569
-4,-4,1.037726133
-4,-2,1.039152413
-4,0,1.041308031
-4,2,1.043099173
-4,4,1.045613109
-4,6,1.048852683
-4,8,1.05282289
-4,10,1.057531364
-4,12,1.062988433
-4,14,1.069207212
-4,16,1.07620371
-4,18,1.083996971
-4,20,1.092609242
-4,22,1.102066168
-4,24,1.112397031
-4,26,1.123635022
-4,28,1.135817559
-4,30,1.148986659
-4,32,1.163189358
-4,34,1.178478209
-4,36,1.194911847
-4,38,1.212555643
-4,40,1.231482469
-4,42,1.251773569
-4,44,1.273519584
-4,46,1.29682174
-4,48,1.321793232
-4,50,1.348560847
-4,52,1.377266878
-4,54,1.408071369
-4,56,1.441154788
-4,58,1.476721202
-4,60,1.515002082
-4,62,1.55626087
-4,64,1.600798513
-4,66,1.648960188
-4,68,1.701143552
-4,70,1.757808906
-4,72,1.819491838
-4,74,1.886819058
-4,76,1.960528423
-4,78,2.041494489
-2,-80,2.011967772
-2,-78,1.920445342
-2,-76,1.838164351
-2,-74,1.763917037
-2,-72,1.696698701
-2,-70,1.635666927
-2,-68,1.580110256
-2,-66,1.529423853
-2,-64,1.48309041
-2,-62,1.440665025
-2,-60,1.401763109
-2,-58,1.366050657
-2,-56,1.333236339
-2,-54,1.303065045
-2,-52,1.275312576
-2,-50,1.249781242
-2,-48,1.226296209
-2,-46,1.204702439
-2,-44,1.184862112
-2,-42,1.16665246
-2,-40,1.14996392
-2,-38,1.134698566
-2,-36,1.120768773
-2,-34,1.108096061
-2,-32,1.096610114
-2,-30,1.086247925
-2,-28,1.076953066
-2,-26,1.068675045
-2,-24,1.061368762
-2,-22,1.05499403
-2,-20,1.049515161
-2,-18,1.044900613
-2,-16,1.041122674
-2,-14,1.038157206
-2,-12,1.035983411
-2,-10,1.034583643
-2,-8,1.033943246
-2,-6,1.03405042
-2,-4,1.03489612
-2,-2,1.036473968
-2,0,1.0387802
-2,2,1.040723875
-2,4,1.043390502
-2,6,1.046783306
-2,8,1.050907894
-2,10,1.055772519
-2,12,1.061388149
-2,14,1.067768561
-2,16,1.074930458
-2,18,1.082893615
-2,20,1.091681051
-2,22,1.101319241
-2,24,1.111838357
-2,26,1.123272552
-2,28,1.135660293
-2,30,1.149044742
-2,32,1.163474198
-2,34,1.179002603
-2,36,1.195690138
-2,38,1.213603897
-2,40,1.232818678
-2,42,1.253417893
-2,44,1.27549463
-2,46,1.299152884
-2,48,1.324509006
-2,50,1.35169339
-2,52,1.380852463
-2,54,1.412151037
-2,56,1.445775103
-2,58,1.481935149
-2,60,1.520870152
-2,62,1.562852372
-2,64,1.608193174
-2,66,1.657250113
-2,68,1.710435636
-2,70,1.768227841
-2,72,1.831183874
-2,74,1.899956756
-2,76,1.975316718
-2,78,2.058178494
0,-80,1.986348465
0,-78,1.897273081
0,-76,1.817101845
0,-74,1.744685683
0,-72,1.679066477
0,-70,1.619439147
0,-68,1.56512244
0,-66,1.515536161
0,-64,1.470183267
0,-62,1.428635632
0,-60,1.390522661
0,-58,1.355522084
0,-56,1.32335248
0,-54,1.293767147
0,-52,1.266549061
0,-50,1.241506683
0,-48,1.21847048
0,-46,1.197290001
0,-44,1.177831414
0,-42,1.159975435
0,-40,1.143615551
0,-38,1.128656528
0,-36,1.115013113
0,-34,1.102608937
0,-32,1.091375563
0,-30,1.081251667
0,-28,1.072182329
0,-26,1.064118425
0,-24,1.05701609
0,-22,1.050836266
0,-20,1.045544298
0,-18,1.041109592
0,-16,1.037505318
0,-14,1.034708157
0,-12,1.032698081
0,-10,1.031458168
0,-8,1.030974453
0,-6,1.031235799
0,-4,1.032233795
0,-2,1.033962688
0,0,1.036419324
0,2,1.03851546
0,4,1.041335016
0,6,1.044881603
0,8,1.04916144
0,10,1.054183409
0,12,1.059959127
0,14,1.066503045
0,16,1.073832573
0,18,1.081968234
0,20,1.090933841
0,22,1.100756723
0,24,1.111467968
0,26,1.123102726
0,28,1.135700549
0,30,1.149305789
0,32,1.163968052
0,34,1.179742733
0,36,1.196691621
0,38,1.214883609
0,40,1.23439551
0,42,1.255313002
0,44,1.277731737
0,46,1.301758618
0,48,1.327513309
0,50,1.355129993
0,52,1.384759454
0,54,1.416571531
0,56,1.450758037
0,58,1.487536249
0,60,1.527153085
0,62,1.569890151
0,64,1.616069865
0,66,1.666062936
0,68,1.720297562
0,70,1.779270821
0,72,1.843562898
0,74,1.913854992
0,76,1.990952083
0,78,2.075812142
2,-80,1.961853251
2,-78,1.875093995
2,-76,1.796923273
2,-74,1.726246336
2,-72,1.6621483
2,-70,1.603858837
2,-68,1.55072487
2,-66,1.502189243
2,-64,1.457773893
2,-62,1.417066445
2,-60,1.379709455
2,-58,1.345391711
2,-56,1.313841133
2,-54,1.284818966
2,-52,1.258114967
2,-50,1.233543427
2,-48,1.210939839
2,-46,1.190158107
2,-44,1.171068191
2,-42,1.153554121
2,-40,1.137512295
2,-38,1.12285004
2,-36,1.109484375
2,-34,1.097340948
2,-32,1.08635312
2,-30,1.07646118
2,-28,1.067611662
2,-26,1.05975675
2,-24,1.052853776
2,-22,1.046864765
2,-20,1.041756063
2,-18,1.037497996
2,-16,1.03406459
2,-14,1.031433323
2,-12,1.029584917
2,-10,1.028503162
2,-8,1.028174769
2,-6,1.028589251
2,-4,1.029738831
2,-2,1.03161837
2,0,1.034225103
2,2,1.036473968
2,4,1.039446814
2,6,1.043147859
2,8,1.047583941
2,10,1.052764578
2,12,1.058702045
2,14,1.06541148
2,16,1.072911017
2,18,1.081221943
2,20,1.09036889
2,22,1.100380062
2,24,1.111287497
2,26,1.123127374
2,28,1.135940371
2,30,1.149772073
2,32,1.164673449
2,34,1.180701403
2,36,1.197919404
2,38,1.216398223
2,40,1.236216777
2,42,1.257463122
2,44,1.280235594
2,46,1.304644148
2,48,1.33081193
2,50,1.35887711
2,52,1.388995058
2,54,1.421340912
2,56,1.456112638
2,58,1.493534686
2,60,1.533862383
2,62,1.577387241
2,64,1.624443417
2,66,1.675415612
2,68,1.730748802
2,70,1.790960327
2,72,1.856655014
2,74,1.928544268
2,76,2.007470407
2,78,2.094437979
4,-80,1.93843119
4,-78,1.853865462
4,-76,1.777592672
4,-74,1.708568416
4,-72,1.64591799
4,-70,1.588903439
4,-68,1.536897996
4,-66,1.489366065
4,-64,1.445847376
4,-62,1.405944347
4,-60,1.369311911
4,-58,1.335649272
4,-56,1.30469317
4,-54,1.276212355
4,-52,1.250003007
4,-50,1.225884938
4,-48,1.20369841
4,-46,1.183301464
4,-44,1.164567669
4,-42,1.147384206
4,-40,1.131650249
4,-38,1.117275572
4,-36,1.104179364
4,-34,1.0922892
4,-32,1.081540167
4,-30,1.071874101
4,-28,1.06323893
4,-26,1.055588101
4,-24,1.048880094
4,-22,1.043077987
4,-20,1.038149089
4,-18,1.03406462
4,-16,1.030799437
4,-14,1.028331796
4,-12,1.026643151
4,-10,1.025717989
4,-8,1.025543686
4,-6,1.026110398
4,-4,1.027410971
4,-2,1.02944088
4,0,1.032197747
4,2,1.034599513
4,4,1.037726133
4,6,1.041582436
4,8,1.046175887
4,10,1.051516647
4,12,1.05761766
4,14,1.064494766
4,16,1.072166837
4,18,1.080655946
4,20,1.089987566
4,22,1.100190805
4,24,1.111298681
4,26,1.123348438
4,28,1.13638192
4,30,1.150445996
4,32,1.165593052
4,34,1.181881564
4,36,1.199376754
4,38,1.218151353
4,40,1.238286485
4,42,1.25987269
4,44,1.283011122
4,46,1.307814941
4,48,1.33441095
4,50,1.362941516
4,52,1.393566841
4,54,1.426467656
4,56,1.461848424
4,58,1.499941183
4,60,1.541010165
4,62,1.585357395
4,64,1.633329502
4,66,1.685326075
4,68,1.741809984
4,70,1.803320215
4,72,1.870487974
4,74,1.944057079
4,76,2.024910008
4,78,2.114101548
6,-80,1.916034776
6,-78,1.833547625
6,-76,1.759076328
6,-74,1.691623194
6,-72,1.6303509
6,-70,1.574551677
6,-68,1.52362335
6,-66,1.477050511
6,-64,1.434389588
6,-62,1.3952569
6,-60,1.359319032
6,-58,1.326285011
6,-56,1.295899905
6,-54,1.267939561
6,-52,1.24220624
6,-50,1.218524988
6,-48,1.196740593
6,-46,1.176715029
6,-44,1.158325294
6,-42,1.141461578
6,-40,1.126025697
6,-38,1.111929764
6,-36,1.099095038
6,-34,1.087450944
6,-32,1.07693422
6,-30,1.067488188
6,-28,1.059062114
6,-26,1.051610664
6,-24,1.045093424
6,-22,1.039474487
6,-20,1.034722098
6,-18,1.030808343
6,-16,1.027708889
6,-14,1.025402747
6,-12,1.023872091
6,-10,1.023102089
6,-8,1.023080773
6,-6,1.023798933
6,-4,1.025250034
6,-2,1.027430159
6,0,1.030337317
6,2,1.032892278
6,4,1.03617328
6,6,1.04018577
6,8,1.044937842
6,10,1.050440313
6,12,1.056706808
6,14,1.063753882
6,16,1.071601165
6,18,1.080271536
6,20,1.089791334
6,22,1.100190599
6,24,1.111503361
6,26,1.12376797
6,28,1.137027479
6,30,1.151330089
6,32,1.166729664
6,34,1.183286317
6,36,1.201067101
6,38,1.220146797
6,40,1.240608835
6,42,1.262546362
6,44,1.286063485
6,46,1.311276731
6,48,1.338316749
6,50,1.367330326
6,52,1.398482757
6,54,1.431960675
6,56,1.467975409
6,58,1.506767029
6,60,1.548609207
6,62,1.593815125
6,64,1.642744673
6,66,1.695813301
6,68,1.75350297
6,70,1.81637581
6,72,1.885091298
6,74,1.960428063
6,76,2.043311831
6,78,2.134851638
8,-80,1.894619657
8,-78,1.814103178
8,-76,1.741342613
8,-74,1.675383664
8,-72,1.615423817
8,-70,1.56078348
8,-68,1.510883482
8,-66,1.465227334
8,-64,1.423387142
8,-62,1.384992303
8,-60,1.349720377
8,-58,1.317289657
8,-56,1.28745308
8,-54,1.259993207
8,-52,1.234718059
8,-50,1.211457645
8,-48,1.190061053
8,-46,1.170393995
8,-44,1.152336733
8,-42,1.135782321
8,-40,1.1206351
8,-38,1.106809414
8,-36,1.094228506
8,-34,1.082823567
8,-32,1.072532921
8,-30,1.063301315
8,-28,1.055079306
8,-26,1.047822729
8,-24,1.04149224
8,-22,1.036052914
8,-20,1.031473901
8,-18,1.027728131
8,-16,1.024792055
8,-14,1.022645427
8,-12,1.021271121
8,-10,1.020654977
8,-8,1.020785672
8,-6,1.021654622
8,-4,1.023255908
8,-2,1.025586218
8,0,1.028643948
8,2,1.031352521
8,4,1.034788639
8,6,1.038958369
8,8,1.043870447
8,10,1.049536353
8,12,1.055970407
8,14,1.063189895
8,16,1.071215223
8,18,1.0800701
8,20,1.089781755
8,22,1.100381192
8,24,1.111903489
8,26,1.124388139
8,28,1.137879452
8,30,1.152427017
8,32,1.168086232
8,34,1.184918922
8,36,1.20299405
8,38,1.22238854
8,40,1.243188238
8,42,1.265489021
8,44,1.2893981
8,46,1.315035536
8,48,1.342536027
8,50,1.372051012
8,52,1.40375116
8,54,1.437829335
8,56,1.474504128
8,58,1.514024115
8,60,1.556672978
8,62,1.60277575
8,64,1.652706432
8,66,1.706897378
8,68,1.76585094
8,70,1.830154017
8,72,1.900496408
8,74,1.977694172
8,76,2.062719662
8,78,2.156740567
10,-80,1.874144394
10,-78,1.795497181
10,-76,1.724361838
10,-74,1.659824421
10,-72,1.601114864
10,-70,1.547579901
10,-68,1.498661892
10,-66,1.453882098
10,-64,1.412827353
10,-62,1.375139362
10,-60,1.340506031
10,-58,1.308654399
10,-56,1.27934484
10,-54,1.252366271
10,-52,1.227532171
10,-50,1.204677261
10,-48,1.183654708
10,-46,1.164333782
10,-44,1.146597853
10,-42,1.130342707
10,-40,1.115475091
10,-38,1.101911482
10,-36,1.08957702
10,-34,1.07840459
10,-32,1.068334036
10,-30,1.059311476
10,-28,1.051288705
10,-26,1.044222689
10,-24,1.038075115
10,-22,1.032812008
10,-20,1.028403398
10,-18,1.024823033
10,-16,1.022048129
10,-14,1.020059165
10,-12,1.018839703
10,-10,1.018376242
10,-8,1.018658097
10,-6,1.019677304
10,-4,1.021428553
10,-2,1.023909138
10,0,1.027117843
10,2,1.029980571
10,4,1.033572663
10,6,1.037900817
10,8,1.042974418
10,10,1.04880562
10,12,1.055409453
10,14,1.062803952
10,16,1.071010318
10,18,1.080053114
10,20,1.089960487
10,22,1.100764437
10,24,1.112501125
10,26,1.125211231
10,28,1.138940373
10,30,1.15373958
10,32,1.169665853
10,34,1.186782799
10,36,1.205161378
10,38,1.224880759
10,40,1.246029315
10,42,1.268705789
10,44,1.293020647
10,46,1.319097668
10,48,1.34707581
10,50,1.377111416
10,52,1.409380825
10,54,1.444083484
10,56,1.481445669
10,58,1.521724964
10,60,1.56521568
10,62,1.612255443
10,64,1.663233279
10,66,1.718599577
10,68,1.778878482
10,70,1.844683428
10,72,1.916736768
10,74,1.995894854
10,76,2.083180364
10,78,2.179824492
12,-80,1.854570237
12,-78,1.777696879
12,-76,1.708106113
12,-74,1.644921556
12,-72,1.587403417
12,-70,1.534923047
12,-68,1.486942981
12,-66,1.443001136
12,-64,1.402698196
12,-62,1.365687456
12,-60,1.331666577
12,-58,1.300370861
12,-56,1.271567715
12,-54,1.245052073
12,-52,1.22064259
12,-50,1.198178456
12,-48,1.17751672
12,-46,1.158530032
12,-44,1.141104725
12,-42,1.125139187
12,-40,1.110542466
12,-38,1.097233076
12,-36,1.085137972
12,-34,1.074191663
12,-32,1.064335453
12,-30,1.055516773
12,-28,1.047688616
12,-26,1.040809035
12,-24,1.034840714
12,-22,1.0297506
12,-20,1.025509573
12,-18,1.022092178
12,-16,1.01947638
12,-14,1.017643366
12,-12,1.016577372
12,-10,1.016265547
12,-8,1.016697835
12,-6,1.017866888
12,-4,1.019768002
12,-2,1.022399075
12,0,1.025759281
12,2,1.028776828
12,4,1.032525882
12,6,1.037013774
12,8,1.042250549
12,10,1.04824905
12,12,1.05502503
12,14,1.062597289
12,16,1.07098785
12,18,1.080222151
12,20,1.090329288
12,22,1.101342291
12,24,1.113298442
12,26,1.126239656
12,28,1.140212905
12,30,1.155270722
12,32,1.171471775
12,34,1.188881536
12,36,1.20757305
12,38,1.227627833
12,40,1.249136911
12,42,1.272202031
12,44,1.296937079
12,46,1.323469744
12,48,1.35194347
12,50,1.382519771
12,52,1.41538097
12,54,1.450733475
12,56,1.488811696
12,58,1.529882771
12,60,1.574252292
12,62,1.622271285
12,64,1.674344785
12,66,1.730942435
12,68,1.792611697
12,70,1.859994453
12,72,1.93384805
12,74,2.015072257
12,76,2.104744142
12,78,2.204163748
14,-80,1.835860922
14,-78,1.760671554
14,-76,1.692549226
14,-74,1.630652554
14,-72,1.574270023
14,-70,1.522796019
14,-68,1.475711991
14,-66,1.432571504
14,-64,1.39298827
14,-62,1.356626503
14,-60,1.323193072
14,-58,1.292431085
14,-56,1.264114602
14,-54,1.238044259
14,-52,1.214043617
14,-50,1.191956112
14,-48,1.171642482
14,-46,1.152978596
14,-44,1.135853608
14,-42,1.120168389
14,-40,1.105834182
14,-38,1.092771452
14,-36,1.08090889
14,-34,1.070182563
14,-32,1.060535174
14,-30,1.051915422
14,-28,1.044277448
14,-26,1.037580357
14,-24,1.031787797
14,-22,1.026867606
14,-20,1.022791495
14,-18,1.01953478
14,-16,1.01707616
14,-14,1.015397512
14,-12,1.014483739
14,-10,1.014322628
14,-8,1.014904746
14,-6,1.016223356
14,-4,1.018274358
14,-2,1.021056254
14,0,1.02456861
14,2,1.027741769
14,4,1.031648898
14,6,1.036297975
14,8,1.041699713
14,10,1.047867657
14,12,1.0548183
14,14,1.062571231
14,16,1.071149309
14,18,1.080578881
14,20,1.090890021
14,22,1.102116822
14,24,1.114297733
14,26,1.127475946
14,28,1.141699846
14,30,1.157023529
14,32,1.173507405
14,34,1.191218891
14,36,1.210233216
14,38,1.230634351
14,40,1.252516101
14,42,1.27598337
14,44,1.301153637
14,46,1.328158704
14,48,1.357146743
14,50,1.388284719
14,52,1.42176128
14,54,1.457790194
14,56,1.496614489
14,58,1.538511437
14,60,1.583798619
14,62,1.632841324
14,64,1.686061658
14,66,1.743949841
14,68,1.807078301
14,70,1.876119453
14,72,1.951868298
14,74,2.035271449
14,76,2.127464832
14,78,2.229823236
16,-80,1.817982485
16,-78,1.744392371
16,-76,1.677666524
16,-74,1.616996205
16,-72,1.561696325
16,-70,1.511182845
16,-68,1.464954961
16,-66,1.42258094
16,-64,1.383686763
16,-62,1.347946937
16,-60,1.315077022
16,-58,1.284827506
16,-56,1.256978747
16,-54,1.231336782
16,-52,1.20772983
16,-50,1.18600536
16,-48,1.166027615
16,-46,1.147675529
16,-44,1.130840946
16,-42,1.115427106
16,-40,1.101347351
16,-38,1.088524008
16,-36,1.076887433
16,-34,1.066375187
16,-32,1.056931318
16,-30,1.048505742
16,-28,1.041053709
16,-26,1.034535338
16,-24,1.028915212
16,-22,1.024162032
16,-20,1.020248313
16,-18,1.01715013
16,-16,1.014846892
16,-14,1.013321161
16,-12,1.012558488
16,-10,1.012547293
16,-8,1.01327876
16,-6,1.01474676
16,-4,1.016947794
16,-2,1.019880971
16,0,1.023546253
16,2,1.026875941
16,4,1.03094239
16,6,1.035754231
16,8,1.041322861
16,10,1.047662539
16,12,1.054790515
16,14,1.062727187
16,16,1.07149628
16,18,1.081125072
16,20,1.091644649
16,22,1.103090208
16,24,1.115501405
16,26,1.128922762
16,28,1.143404131
16,30,1.15900124
16,32,1.175776315
16,34,1.193798806
16,36,1.213146223
16,38,1.233905115
16,40,1.256172201
16,42,1.280055695
16,44,1.305676859
16,46,1.333171823
16,48,1.36269374
16,50,1.394415332
16,52,1.428531928
16,54,1.465265089
16,56,1.504866972
16,58,1.547625613
16,60,1.593871339
16,62,1.643984631
16,64,1.698405821
16,66,1.757647128
16,68,1.822307744
16,70,1.893092891
16,72,1.970838125
16,74,2.056540666
16,76,2.151400217
16,78,2.256872839
18,-80,1.800903095
18,-78,1.72883225
18,-76,1.663434813
18,-74,1.603932518
18,-72,1.549664997
18,-70,1.50006843
18,-68,1.454658675
18,-66,1.41301783
18,-64,1.374783425
18,-62,1.339639679
18,-60,1.307310361
18,-58,1.277552937
18,-56,1.250153729
18,-54,1.224923895
18,-52,1.201696075
18,-50,1.180321566
18,-48,1.16066795
18,-46,1.142617079
18,-44,1.126063361
18,-42,1.110912296
18,-40,1.097079232
18,-38,1.084488278
18,-36,1.073071388
18,-34,1.062767552
18,-32,1.053522112
18,-30,1.045286157
18,-28,1.038016005
18,-26,1.031672755
18,-24,1.026221895
18,-22,1.021632963
18,-20,1.01787926
18,-18,1.014937597
18,-16,1.012788081
18,-14,1.011413942
18,-12,1.010801374
18,-10,1.010939421
18,-8,1.011819879
18,-6,1.013437222
18,-4,1.015788557
18,-2,1.018873595
18,0,1.022692701
18,2,1.026179964
18,4,1.030407109
18,6,1.035383432
18,8,1.041121022
18,10,1.047634873
18,12,1.05494301
18,14,1.06306666
18,16,1.07203044
18,18,1.081862591
18,20,1.092595245
18,22,1.104264742
18,24,1.116911992
18,26,1.130582896
18,28,1.145328839
18,30,1.161207247
18,32,1.178282243
18,34,1.196625401
18,36,1.216316623
18,38,1.237445155
18,40,1.260110774
18,42,1.284425175
18,44,1.310513595
18,46,1.338516725
18,48,1.36859297
18,50,1.400921132
18,52,1.435703603
18,54,1.473170195
18,56,1.513582755
18,58,1.557240744
18,60,1.604488057
18,62,1.655721374
18,64,1.711400489
18,66,1.772061176
18,68,1.838331341
18,70,1.910951488
18,72,1.990800916
18,74,2.078931578
18,76,2.176612386
18,78,2.285387901
20,-80,1.784592901
20,-78,1.713965746
20,-76,1.649832258
20,-74,1.591442644
20,-72,1.538159677
20,-70,1.4894385
20,-68,1.444810627
20,-66,1.403871166
20,-64,1.366268533
20,-62,1.331696112
20,-60,1.299885427
20,-58,1.270600548
20,-56,1.243633445
20,-54,1.218800133
20,-52,1.195937447
20,-50,1.174900327
20,-48,1.155559529
20,-46,1.137799684
20,-44,1.121517644
20,-42,1.106621072
20,-40,1.093027229
20,-38,1.080661932
20,-36,1.069458663
20,-34,1.059357789
20,-32,1.050305892
20,-30,1.042255192
20,-28,1.035163038
20,-26,1.028991476
20,-24,1.02370687
20,-22,1.019279573
20,-20,1.015683648
20,-18,1.012896627
20,-16,1.010899303
20,-14,1.009675559
20,-12,1.009212225
20,-10,1.009498963
20,-8,1.010528175
20,-6,1.012294937
20,-4,1.014796961
20,-2,1.018034566
20,0,1.022008522
20,2,1.025654535
20,4,1.030043885
20,6,1.035186543
20,8,1.041095308
20,10,1.047785922
20,12,1.055277207
20,14,1.063591243
20,16,1.072753565
20,18,1.082793408
20,20,1.093743989
20,22,1.105642832
20,24,1.118532147
20,26,1.132459276
20,28,1.147477194
20,30,1.163645101
20,32,1.181029101
20,34,1.199702991
20,36,1.219749176
20,38,1.241259731
20,40,1.264337644
20,42,1.289098266
20,44,1.31567102
20,46,1.3442014
20,48,1.374853357
20,50,1.407812112
20,52,1.443287533
20,54,1.481518176
20,56,1.522776166
20,58,1.567373116
20,60,1.615667367
20,62,1.668072881
20,64,1.725070264
20,66,1.787220525
20,68,1.855182407
20,70,1.92973441
20,72,2.011803059
20,74,2.10249959
20,76,2.203168123
20,78,2.31544975
22,-80,1.76902389
22,-78,1.699768932
22,-76,1.636838294
22,-74,1.579508801
22,-72,1.527164909
22,-70,1.479279557
22,-68,1.435398973
22,-66,1.395130516
22,-64,1.358132866
22,-62,1.324108057
22,-60,1.292794946
22,-58,1.263963852
22,-56,1.237412096
22,-54,1.212960302
22,-52,1.190449289
22,-50,1.169737459
22,-48,1.150698589
22,-46,1.133219959
22,-44,1.117200754
22,-42,1.102550698
22,-40,1.089188884
22,-38,1.077042766
22,-36,1.066047289
22,-34,1.05614414
22,-32,1.047281099
22,-30,1.039411471
22,-28,1.032493602
22,-26,1.026490455
22,-24,1.021369243
22,-22,1.017101111
22,-20,1.013660867
22,-18,1.011026745
22,-16,1.009180209
22,-14,1.00810579
22,-12,1.007790942
22,-10,1.008225939
22,-8,1.009403789
22,-6,1.011320168
22,-4,1.013973392
22,-2,1.017364394
22,0,1.021494352
22,2,1.02530042
22,4,1.029853619
22,6,1.035164608
22,8,1.04124691
22,10,1.048117033
22,12,1.055794618
22,14,1.064302621
22,16,1.073667527
22,18,1.083919598
22,20,1.095093173
22,22,1.107227005
22,24,1.120364657
22,26,1.134554967
22,28,1.14985257
22,30,1.166318516
22,32,1.184020981
22,34,1.203036087
22,36,1.223448861
22,38,1.245354346
22,40,1.268858902
22,42,1.294081727
22,44,1.321156648
22,46,1.350234225
22,48,1.381484261
22,50,1.415098765
22,52,1.45129552
22,54,1.490322352
22,56,1.5324623
22,58,1.578039908
22,60,1.627428911
22,62,1.681061725
22,64,1.739441227
22,66,1.803155491
22,68,1.872896415
22,70,1.949483456
22,72,2.033894199
22,74,2.127304173
22,76,2.23113935
22,78,2.347146284
24,-80,1.754169759
24,-78,1.686219304
24,-76,1.624433543
24,-74,1.568114213
24,-72,1.516666092
24,-70,1.469578831
24,-68,1.4264125
24,-66,1.386785994
24,-64,1.350367678
24,-62,1.316867752
24,-60,1.286032009
24,-58,1.257636684
24,-56,1.231484171
24,-54,1.207399467
24,-52,1.185227174
24,-50,1.164828986
24,-48,1.146081559
24,-46,1.128874696
24,-44,1.113109806
24,-42,1.098698584
24,-40,1.085561876
24,-38,1.0736287
24,-36,1.062835409
24,-34,1.053124957
24,-32,1.044446273
24,-30,1.036753713
24,-28,1.030006584
24,-26,1.024168736
24,-24,1.019208206
24,-22,1.01509691
24,-20,1.011810382
24,-18,1.009327545
24,-16,1.007630523
24,-14,1.006704481
24,-12,1.006537493
24,-10,1.007120441
24,-8,1.008446933
24,-6,1.010513248
24,-4,1.013318307
24,-2,1.01686366
24,0,1.021150903
24,2,1.025118463
24,4,1.029837292
24,6,1.035318751
24,8,1.041577101
24,10,1.048629637
24,12,1.056496842
24,14,1.065202575
24,16,1.074774299
24,18,1.085243341
24,20,1.096645202
24,22,1.10901991
24,24,1.122412437
24,26,1.136873176
24,28,1.152458495
24,30,1.169231376
24,32,1.18726216
24,34,1.206629404
24,36,1.227420883
24,38,1.249734755
24,40,1.273680923
24,42,1.299382632
24,44,1.326978347
24,46,1.356623976
24,48,1.388495498
24,50,1.422792107
24,52,1.459739966
24,54,1.499596737
24,56,1.542657062
24,58,1.589259245
24,60,1.639793445
24,62,1.694711801
24,64,1.754541041
24,66,1.819898299
24,68,1.891511157
24,70,1.970243275
24,72,2.057127511
24,74,2.153409226
24,76,2.26060361
24,78,2.380572639
26,-80,1.740005796
26,-78,1.67329568
26,-76,1.612599742
26,-74,1.557243042
26,-72,1.506649424
26,-70,1.460324242
26,-68,1.417840587
26,-66,1.378828231
26,-64,1.342964672
26,-62,1.30996783
26,-60,1.279590059
26,-58,1.251613192
26,-56,1.225844438
26,-54,1.202112939
26,-52,1.180266897
26,-50,1.160171136
26,-48,1.14170505
26,-46,1.124760849
26,-44,1.109242067
26,-42,1.09506228
26,-40,1.08214401
26,-38,1.070417777
26,-36,1.05982128
26,-34,1.050298695
26,-32,1.041800056
26,-30,1.034280731
26,-28,1.027700957
26,-26,1.022025444
26,-24,1.017223029
26,-22,1.013266379
26,-20,1.010131736
26,-18,1.007798699
26,-16,1.00625004
26,-14,1.005471551
26,-12,1.005451919
26,-10,1.006182628
26,-8,1.007657887
26,-6,1.009874578
26,-4,1.012832231
26,-2,1.016533017
26,0,1.020978956
26,2,1.02510958
26,4,1.02999596
26,6,1.035650172
26,8,1.042087236
26,10,1.049325253
26,12,1.05738557
26,14,1.066292979
26,16,1.076075955
26,18,1.086766926
26,20,1.098402596
26,22,1.111024321
26,24,1.124678536
26,26,1.139417257
26,28,1.155298657
26,30,1.172387739
26,32,1.190757107
26,34,1.210487869
26,36,1.231670682
26,38,1.254406973
26,40,1.278810371
26,42,1.30500838
26,44,1.333144357
26,46,1.363379848
26,48,1.395897365
26,50,1.430903701
26,52,1.468633905
26,54,1.509356082
26,56,1.553377212
26,58,1.60105026
26,60,1.652782916
26,62,1.70904842
26,64,1.77039907
26,66,1.837483228
26,68,1.911066929
26,70,1.992061599
26,72,2.081560012
26,74,2.180883482
26,76,2.291644611
26,78,2.415831925
28,-80,1.726508774
28,-78,1.66097812
28,-76,1.601319669
28,-74,1.546880336
28,-72,1.49710186
28,-70,1.451504356
28,-68,1.409673177
28,-66,1.371248345
28,-64,1.335915982
28,-62,1.303401303
28,-60,1.273462868
28,-58,1.24588782
28,-56,1.220487926
28,-54,1.197096269
28,-52,1.175564468
28,-50,1.155760328
28,-48,1.137565849
28,-46,1.120875538
28,-44,1.105594953
28,-42,1.091639472
28,-40,1.07893322
28,-38,1.067408154
28,-36,1.05700327
28,-34,1.047663913
28,-32,1.039341185
28,-30,1.031991429
28,-28,1.025575783
28,-26,1.020059789
28,-24,1.015413062
28,-22,1.011609003
28,-20,1.008624545
28,-18,1.00643995
28,-16,1.005038627
28,-14,1.004406987
28,-12,1.004534326
28,-10,1.005412728
28,-8,1.007037001
28,-6,1.009404631
28,-4,1.01251576
28,-2,1.016373188
28,0,1.020979367
28,2,1.025274762
28,4,1.030330756
28,6,1.036160155
28,8,1.042778754
28,10,1.050205485
28,12,1.058462584
28,14,1.067575807
28,16,1.077574673
28,18,1.08849275
28,20,1.100367995
28,22,1.11324314
28,24,1.127166143
28,26,1.142190713
28,28,1.158376909
28,30,1.175791843
28,32,1.194510489
28,34,1.214616628
28,36,1.236203939
28,38,1.259377287
28,40,1.284254216
28,42,1.310966718
28,44,1.339663306
28,46,1.370511481
28,48,1.403700662
28,50,1.439445691
28,52,1.477991043
28,54,1.519615915
28,56,1.564640418
28,58,1.613433153
28,60,1.66642054
28,62,1.724098406
28,64,1.787046494
28,66,1.855946764
28,68,1.931606732
28,70,2.014989506
28,72,2.107252898
28,74,2.209800964
28,76,2.324352842
28,78,2.453036062
30,-80,1.713656849
30,-78,1.64924784
30,-76,1.590577079
30,-74,1.537011972
30,-72,1.488011066
30,-70,1.443108355
30,-68,1.401900742
30,-66,1.364037917
30,-64,1.329214144
30,-62,1.297161537
30,-60,1.267644529
30,-58,1.240455291
30,-56,1.215409918
30,-54,1.192345233
30,-52,1.171116103
30,-50,1.151593168
30,-48,1.133660914
30,-46,1.117216033
30,-44,1.102166022
30,-42,1.088427977
30,-40,1.075927559
30,-38,1.064598103
30,-36,1.054379848
30,-34,1.045219267
30,-32,1.037068488
30,-30,1.029884799
30,-28,1.023630205
30,-26,1.01827106
30,-24,1.013777735
30,-22,1.010124343
30,-20,1.007288497
30,-18,1.00525111
30,-16,1.003996218
30,-14,1.003510846
30,-12,1.003784891
30,-10,1.004811038
30,-8,1.006584693
30,-6,1.009103947
30,-4,1.01236956
30,-2,1.016384969
30,0,1.021153064
30,2,1.025615075
30,4,1.030842889
30,6,1.036850059
30,8,1.043653178
30,10,1.051272026
30,12,1.059729761
30,14,1.06905313
30,16,1.079272734
30,18,1.090423325
30,20,1.102544158
30,22,1.115679397
30,24,1.129878587
30,26,1.145197202
30,28,1.16169727
30,30,1.179448109
30,32,1.198527176
30,34,1.219021051
30,36,1.24102659
30,38,1.264652265
30,40,1.290019745
30,42,1.317265746
30,44,1.346544225
30,46,1.378028973
30,48,1.411916719
30,50,1.448430832
30,52,1.48782579
30,54,1.530392585
30,56,1.576465316
30,58,1.626429265
30,60,1.68073088
30,62,1.739890201
30,64,1.804516449
30,66,1.875327773
30,68,1.953176491
30,70,2.039081703
30,72,2.134271923
30,74,2.240241485
30,76,2.358826246
30,78,2.492306724
32,-80,1.70142947
32,-78,1.63808714
32,-76,1.580356644
32,-74,1.527624611
32,-72,1.479365376
32,-70,1.435125997
32,-68,1.394514257
32,-66,1.357188968
32,-64,1.322852084
32,-62,1.291242241
32,-60,1.262129435
32,-58,1.235310601
32,-56,1.210605939
32,-54,1.187855824
32,-52,1.166918212
32,-50,1.14766644
32,-48,1.129987361
32,-46,1.113779756
32,-44,1.098952968
32,-42,1.085425738
32,-40,1.073125198
32,-38,1.061986004
32,-36,1.05194959
32,-34,1.04296351
32,-32,1.034980888
32,-30,1.027959918
32,-28,1.021863451
32,-26,1.016658625
32,-24,1.012316549
32,-22,1.008812032
32,-20,1.006123353
32,-18,1.004232062
32,-16,1.003122818
32,-14,1.002783251
32,-12,1.003203859
32,-10,1.004377921
32,-8,1.006301445
32,-6,1.008973133
32,-4,1.012394366
32,-2,1.016569223
32,0,1.021501048
32,2,1.026131661
32,4,1.031533648
32,6,1.03772133
32,8,1.044712114
32,10,1.05252666
32,12,1.06118907
32,14,1.07072712
32,16,1.081172529
32,18,1.092561277
32,20,1.104933968
32,22,1.118336257
32,24,1.132819344
32,26,1.14844054
32,28,1.165263934
32,30,1.183361153
32,32,1.202812251
32,34,1.223706747
32,36,1.24614483
32,38,1.270238769
32,40,1.296114573
32,42,1.32391394
32,44,1.353796571
32,46,1.38594291
32,48,1.420557422
32,50,1.457872518
32,52,1.498153302
32,54,1.541703315
32,56,1.588871563
32,58,1.640061146
32,60,1.695739949
32,62,1.756453983
32,64,1.822844172
32,66,1.895667686
32,68,1.975825293
32,70,2.064396841
32,72,2.162687813
32,74,2.27229121
32,76,2.395170996
32,78,2.533776405
34,-80,1.689807294
34,-78,1.627479337
34,-76,1.570643899
34,-74,1.518705648
34,-72,1.471153759
34,-70,1.427547588
34,-68,1.387505174
34,-66,1.350693934
34,-64,1.316823091
34,-62,1.285637448
34,-60,1.256912266
34,-58,1.230449
34,-56,1.206071743
34,-54,1.183624244
34,-52,1.162967394
34,-50,1.143977099
34,-48,1.126542468
34,-46,1.110564271
34,-44,1.095953617
34,-42,1.082630821
34,-40,1.070524421
34,-38,1.059570344
34,-36,1.049711167
34,-34,1.040895491
34,-32,1.033077393
34,-30,1.02621595
34,-28,1.020274829
34,-26,1.015221931
34,-24,1.011029082
34,-22,1.007671776
34,-20,1.005128942
34,-18,1.003382759
34,-16,1.002418499
34,-14,1.002224394
34,-12,1.002791538
34,-10,1.004113807
34,-8,1.006187812
34,-6,1.009012866
34,-4,1.012590982
34,-2,1.016926889
34,0,1.022024392
34,2,1.026825735
34,4,1.032404399
34,6,1.03877549
34,8,1.045957256
34,10,1.053971258
34,12,1.062842576
34,14,1.072600049
34,16,1.083276556
34,18,1.094909349
34,20,1.107540436
34,22,1.121217024
34,24,1.135992036
34,26,1.151924707
34,28,1.169081275
34,30,1.187535784
34,32,1.207371014
34,34,1.228679565
34,36,1.251565128
34,38,1.276143967
34,40,1.302546661
34,42,1.330920165
34,44,1.361430247
34,46,1.394264386
34,48,1.429635242
34,50,1.467784823
34,52,1.508989525
34,54,1.553566249
34,56,1.601879905
34,58,1.654352639
34,60,1.7114753
34,62,1.773821788
34,64,1.842067159
34,66,1.917010705
34,68,1.99960566
34,70,2.090997868
34,72,2.192576738
34,74,2.306043287
34,76,2.433502353
34,78,2.577589626
36,-80,1.678772107
36,-78,1.617408702
36,-76,1.561425187
36,-74,1.510243169
36,-72,1.46336578
36,-70,1.420363953
36,-68,1.380865395
36,-66,1.344545649
36,-64,1.311120803
36,-62,1.280341498
36,-60,1.25198798
36,-58,1.225865987
36,-56,1.201803306
36,-54,1.179646892
36,-52,1.159260428
36,-50,1.140522264
36,-48,1.123323658
36,-46,1.107567279
36,-44,1.093165923
36,-42,1.080041408
36,-40,1.068123624
36,-38,1.05734971
36,-36,1.047663348
36,-34,1.039014145
36,-32,1.031357098
36,-30,1.024652138
36,-28,1.018863723
36,-26,1.013960496
36,-24,1.009914986
36,-22,1.006703351
36,-20,1.004305162
36,-18,1.002703219
36,-16,1.001883399
36,-14,1.001834531
36,-12,1.002548304
36,-10,1.004019192
36,-8,1.00624441
36,-6,1.009223889
36,-4,1.012960279
36,-2,1.017458971
36,0,1.022724242
36,2,1.027698588
36,4,1.033456587
36,6,1.040014148
36,8,1.047390382
36,10,1.055607784
36,12,1.064692442
36,14,1.074674294
36,16,1.085587422
36,18,1.097470402
36,20,1.110366699
36,22,1.124325138
36,24,1.13940044
36,26,1.155653848
36,28,1.17315385
36,30,1.191977019
36,32,1.212208992
36,34,1.233945607
36,36,1.257294235
36,38,1.282375343
36,40,1.30932433
36,42,1.338293695
36,44,1.369455619
36,46,1.403005027
36,48,1.439163267
36,50,1.478182536
36,52,1.520351237
36,54,1.566000511
36,56,1.615512245
36,58,1.669328963
36,60,1.727966138
36,62,1.792027649
36,64,1.862225338
36,66,1.939404027
36,68,2.024573836
36,70,2.118952412
36,72,2.224020824
36,74,2.341598551
36,76,2.473945648
36,78,2.623904317
38,-80,1.668306754
38,-78,1.6078604
38,-76,1.552687614
38,-74,1.502225917
38,-72,1.455991567
38,-70,1.413566402
38,-68,1.374587248
38,-66,1.338737318
38,-64,1.30573919
38,-62,1.275349025
38,-60,1.247351794
38,-58,1.221557292
38,-56,1.197796814
38,-54,1.17592036
38,-52,1.155794267
38,-50,1.137299212
38,-48,1.120328501
38,-46,1.104786615
38,-44,1.090587962
38,-42,1.077655798
38,-40,1.065921305
38,-38,1.055322791
38,-36,1.045804996
38,-34,1.037318497
38,-32,1.029819182
38,-30,1.023267805
38,-28,1.017629594
38,-26,1.012873915
38,-24,1.00897398
38,-22,1.005906602
38,-20,1.003651981
38,-18,1.002193528
38,-16,1.001517721
38,-14,1.001613984
38,-12,1.002474599
38,-10,1.004094638
38,-8,1.006471924
38,-6,1.009607014
38,-4,1.0135032
38,-2,1.018166547
38,0,1.023601817
38,2,1.028751588
38,4,1.034691734
38,6,1.04143899
38,8,1.049013359
38,10,1.057438294
38,12,1.066740928
38,14,1.076952336
38,16,1.088107851
38,18,1.10024742
38,20,1.113416028
38,22,1.127664186
38,24,1.14304849
38,26,1.159632282
38,28,1.177486405
38,30,1.196690082
38,32,1.217331947
38,34,1.239511237
38,36,1.263339196
38,38,1.288940715
38,40,1.316456273
38,42,1.346044229
38,44,1.377883542
38,46,1.412177022
38,48,1.449155234
38,50,1.489081198
38,52,1.532256101
38,54,1.579026264
38,56,1.629791718
38,58,1.685016807
38,60,1.745243438
38,62,1.811107744
38,64,1.883361263
38,66,1.962898091
38,68,2.050790113
38,70,2.148333216
38,72,2.257108738
38,74,2.379066317
38,76,2.51663738
38,78,2.67289338
40,-80,1.658395071
40,-78,1.598820435
40,-76,1.544419002
40,-74,1.494643248
40,-72,1.449021781
40,-70,1.407146713
40,-68,1.36866347
40,-66,1.333262507
40,-64,1.300672536
40,-62,1.270654945
40,-60,1.242999175
40,-58,1.21751887
40,-56,1.194048656
40,-54,1.172441421
40,-52,1.152566029
40,-50,1.134305371
40,-48,1.117554705
40,-46,1.102220242
40,-44,1.088217927
40,-42,1.075472395
40,-40,1.063916066
40,-38,1.053488369
40,-36,1.044135063
40,-34,1.035807658
40,-32,1.028462903
40,-30,1.022062352
40,-28,1.016571978
40,-26,1.011961852
40,-24,1.008205855
40,-22,1.005281441
40,-20,1.003169429
40,-18,1.001853836
40,-16,1.001321734
40,-14,1.00156314
40,-12,1.002570928
40,-10,1.004340771
40,-8,1.006871105
40,-6,1.010163116
40,-4,1.014220754
40,-2,1.019050764
40,0,1.024658409
40,2,1.029986177
40,4,1.036111442
40,6,1.043051792
40,8,1.050828142
40,10,1.059464938
40,12,1.068990394
40,14,1.079436764
40,16,1.090840678
40,18,1.10324351
40,20,1.116691828
40,22,1.131237899
40,24,1.14694028
40,26,1.163864506
40,28,1.182083883
40,30,1.201680416
40,32,1.222745881
40,34,1.24538309
40,36,1.269707358
40,38,1.295848241
40,40,1.323951578
40,42,1.354181915
40,44,1.386725383
40,46,1.421793151
40,48,1.459625564
40,50,1.50049715
40,52,1.544722712
40,54,1.592664775
40,56,1.644742771
40,58,1.701444433
40,60,1.763340067
40,62,1.831100558
40,64,1.905520322
40,66,1.987546853
40,68,2.07831919
40,70,2.179218612
40,72,2.291936334
40,74,2.418565274
40,76,2.561726475
40,78,2.724746489
42,-80,1.649021823
42,-78,1.5902756
42,-76,1.536607849
42,-74,1.4874851
42,-72,1.442447585
42,-70,1.401097099
42,-68,1.363087178
42,-66,1.328115116
42,-64,1.295915426
42,-62,1.266254437
42,-60,1.238925828
42,-58,1.213746892
42,-56,1.190555412
42,-54,1.169207023
42,-52,1.149572991
42,-50,1.131538314
42,-48,1.115000112
42,-46,1.099866244
42,-44,1.086054127
42,-42,1.073489712
42,-40,1.062106609
42,-38,1.05184532
42,-36,1.042652587
42,-34,1.03448082
42,-32,1.0272876
42,-30,1.021035254
42,-28,1.015690482
42,-26,1.011224042
42,-24,1.007610469
42,-22,1.004827845
42,-20,1.002857603
42,-18,1.001684356
42,-16,1.001295768
42,-14,1.001682446
42,-12,1.002837858
42,-10,1.00475828
42,-8,1.007442767
42,-6,1.010893142
42,-4,1.015114018
42,-2,1.02011284
42,0,1.025895383
42,2,1.031403874
42,4,1.037717395
42,6,1.044854407
42,8,1.052836771
42,10,1.061689959
42,12,1.0714433
42,14,1.082130274
42,16,1.093788855
42,18,1.106461906
42,20,1.120197641
42,22,1.13505016
42,24,1.151080069
42,26,1.168355196
42,28,1.186951429
42,30,1.206953687
42,32,1.228457049
42,34,1.251568082
42,36,1.276406389
42,38,1.303106442
42,40,1.331819739
42,42,1.362717365
42,44,1.395993047
42,46,1.431866814
42,48,1.470589398
42,50,1.512447575
42,52,1.55777066
42,54,1.606938485
42,56,1.660391249
42,58,1.718641781
42,60,1.782290931
42,62,1.852047061
42,64,1.928750966
42,66,2.01340808
42,68,2.107230572
42,70,2.211693058
42,72,2.32860738
42,74,2.460224496
42,76,2.609375709
42,78,2.779672149
44,-80,1.640172649
44,-78,1.582213432
44,-76,1.529243288
44,-74,1.480741959
44,-72,1.436260621
44,-70,1.39541019
44,-68,1.357851855
44,-66,1.32328937
44,-64,1.291462728
44,-62,1.262142937
44,-60,1.235127687
44,-58,1.210237731
44,-56,1.187313847
44,-54,1.166214282
44,-52,1.146812583
44,-50,1.128995755
44,-48,1.112662691
44,-46,1.097722825
44,-44,1.084094978
44,-42,1.071706364
44,-40,1.060491728
44,-38,1.050392609
44,-36,1.041356692
44,-34,1.033337255
44,-32,1.026292685
44,-30,1.020186059
44,-28,1.014984784
44,-26,1.010660287
44,-24,1.007187744
44,-22,1.004545858
44,-20,1.002716663
44,-18,1.001685365
44,-16,1.001440217
44,-14,1.001972415
44,-12,1.003276021
44,-10,1.00534792
44,-8,1.008187788
44,-6,1.011798098
44,-4,1.016184138
44,-2,1.021354063
44,0,1.027314175
44,2,1.033006274
44,4,1.039511354
44,6,1.046848777
44,8,1.055041381
44,10,1.064115696
44,12,1.074102209
44,14,1.085035671
44,16,1.096955455
44,18,1.109905971
44,20,1.123937151
44,22,1.139105007
44,24,1.155472286
44,26,1.173109218
44,28,1.192094396
44,30,1.212515795
44,32,1.234471964
44,34,1.25807342
44,36,1.283444284
44,38,1.310724212
44,40,1.340070677
44,42,1.371661682
44,44,1.405699
44,46,1.442412061
44,48,1.482062639
44,50,1.524950546
44,52,1.571420582
44,54,1.62187108
44,56,1.676764491
44,58,1.736640591
44,60,1.802133119
44,62,1.873990899
44,64,1.953104958
44,66,2.040543689
44,68,2.137599007
44,70,2.245847734
44,72,2.367234377
44,74,2.504184579
44,76,2.659763338
44,78,2.837900069
46,-80,1.631834005
46,-78,1.574622166
46,-76,1.522315052
46,-74,1.474404831
46,-72,1.430452979
46,-70,1.39007901
46,-68,1.352951332
46,-66,1.318779799
46,-64,1.287309584
46,-62,1.258316122
46,-60,1.231600902
46,-58,1.206987955
46,-56,1.184320904
46,-54,1.163460474
46,-52,1.144282381
46,-50,1.12667554
46,-48,1.110540535
46,-46,1.095788301
46,-44,1.082339003
46,-42,1.070121061
46,-40,1.059070312
46,-38,1.049129288
46,-36,1.040246584
46,-34,1.032376315
46,-32,1.025477646
46,-30,1.019514386
46,-28,1.014454628
46,-26,1.010270454
46,-24,1.006937669
46,-22,1.004435585
46,-20,1.002746831
46,-18,1.001857202
46,-16,1.001755536
46,-14,1.002433618
46,-12,1.003886109
46,-10,1.006110505
46,-8,1.009107113
46,-6,1.012879061
46,-4,1.017432326
46,-2,1.022775789
46,0,1.028916297
46,2,1.034795047
46,4,1.04149516
46,6,1.049036927
46,8,1.057444193
46,10,1.066744583
46,12,1.076969787
46,14,1.088155874
46,16,1.100343671
46,18,1.113579199
46,20,1.127914183
46,22,1.143406634
46,24,1.160121534
46,26,1.17813163
46,28,1.197518349
46,30,1.218372877
46,32,1.240797408
46,34,1.264906616
46,36,1.290829383
46,38,1.318710835
46,40,1.34871476
46,42,1.381026482
46,44,1.415856303
46,46,1.453443633
46,48,1.49406199
46,50,1.53802508
46,52,1.585694234
46,54,1.637487579
46,56,1.693891428
46,58,1.755474528
46,60,1.822906067
46,62,1.896978612
46,64,1.978637658
46,66,2.069020106
46,68,2.169504981
46,70,2.281781206
46,72,2.407939482
46,74,2.550598944
46,76,2.713084961
46,78,2.8996839
48,-80,1.623993118
48,-78,1.567490692
48,-76,1.515813439
48,-74,1.468465209
48,-72,1.425017175
48,-70,1.385096954
48,-68,1.348379765
48,-66,1.31458122
48,-64,1.283451391
48,-62,1.254769898
48,-60,1.228341828
48,-58,1.20399432
48,-56,1.181573694
48,-54,1.160943027
48,-52,1.141980099
48,-50,1.124575644
48,-48,1.108631854
48,-46,1.094061098
48,-44,1.080784825
48,-42,1.06873261
48,-40,1.057841337
48,-38,1.048054492
48,-36,1.039321545
48,-34,1.031597422
48,-32,1.024842043
48,-30,1.019019923
48,-28,1.014099826
48,-26,1.010054476
48,-24,1.006860294
48,-22,1.004497191
48,-20,1.002948388
48,-18,1.002200263
48,-16,1.002242238
48,-14,1.003066689
48,-12,1.004668876
48,-10,1.007046912
48,-8,1.010201745
48,-6,1.014137169
48,-4,1.018859862
48,-2,1.024379446
48,0,1.03070333
48,2,1.03677194
48,4,1.043670736
48,6,1.051420968
48,8,1.060047519
48,10,1.069579154
48,12,1.080048806
48,14,1.091493912
48,16,1.103956817
48,18,1.11748522
48,20,1.132132713
48,22,1.147959397
48,24,1.165032596
48,26,1.183427688
48,28,1.203229077
48,30,1.224531319
48,32,1.24744044
48,34,1.272075494
48,36,1.29857038
48,38,1.327076001
48,40,1.35776282
48,42,1.390823917
48,44,1.426478636
48,46,1.464976994
48,48,1.506605006
48,50,1.551691195
48,52,1.600614556
48,54,1.653814415
48,56,1.711802696
48,58,1.775179326
48,60,1.844651744
48,62,1.921059862
48,64,2.005408321
48,66,2.098908678
48,68,2.203035263
48,70,2.319600178
48,72,2.450855546
48,74,2.599635309
48,76,2.769555655
48,78,2.965304416
50,-80,1.616637937
50,-78,1.560808524
50,-76,1.509729283
50,-74,1.46291505
50,-72,1.41994613
50,-70,1.380457773
50,-68,1.344131624
50,-66,1.310688731
50,-64,1.279883794
50,-62,1.251500392
50,-60,1.225347019
50,-58,1.201253758
50,-56,1.179069487
50,-54,1.158659516
50,-52,1.139903588
50,-50,1.122694164
50,-48,1.106934972
50,-46,1.092539748
50,-44,1.079431166
50,-42,1.067539909
50,-40,1.056803864
50,-38,1.047167435
50,-36,1.038580936
50,-34,1.031000075
50,-32,1.024385503
50,-30,1.018702423
50,-28,1.013920255
50,-26,1.010012347
50,-24,1.006955729
50,-22,1.004730905
50,-20,1.003321676
50,-18,1.002715005
50,-16,1.002900897
50,-14,1.003872317
50,-12,1.005625133
50,-10,1.00815808
50,-8,1.011472753
50,-6,1.015573626
50,-4,1.020468091
50,-2,1.026166529
50,0,1.032676931
50,2,1.038938776
50,4,1.046040085
50,6,1.054003095
50,8,1.062853766
50,10,1.07262204
50,12,1.08334214
50,14,1.095052932
50,16,1.107798334
50,18,1.121627797
50,20,1.136596864
50,22,1.152767819
50,24,1.170210435
50,26,1.189002853
50,28,1.209232597
50,30,1.230997762
50,32,1.254408411
50,34,1.279588207
50,36,1.306676344
50,38,1.335829826
50,40,1.367226181
50,42,1.401066702
50,44,1.437580335
50,46,1.477028369
50,48,1.519710136
50,50,1.565969966
50,52,1.616205748
50,54,1.670879529
50,56,1.730530754
50,58,1.795792936
50,60,1.867414844
50,62,1.946287692
50,64,2.033480439
50,66,2.130286123
50,68,2.238283519
50,70,2.359420333
50,72,2.496127295
50,74,2.651477376
50,76,2.829412445
50,78,3.035073211
52,-80,1.609757094
52,-78,1.554565756
52,-76,1.504053918
52,-74,1.457746748
52,-72,1.415233146
52,-70,1.376155553
52,-68,1.340201673
52,-66,1.307097689
52,-64,1.276602671
52,-62,1.248503942
52,-60,1.222613218
52,-58,1.198763373
52,-56,1.176805709
52,-54,1.156607658
52,-52,1.138050825
52,-50,1.121029317
52,-48,1.105448321
52,-46,1.09122288
52,-44,1.07827684
52,-42,1.066541942
52,-40,1.055957037
52,-38,1.04646741
52,-36,1.038024189
52,-34,1.030583839
52,-32,1.02410772
52,-30,1.018561704
52,-28,1.013915851
52,-26,1.010144122
52,-24,1.007224145
52,-22,1.005137009
52,-20,1.003867095
52,-18,1.003401943
52,-16,1.003732143
52,-14,1.004851254
52,-12,1.006755753
52,-10,1.009445006
52,-8,1.012921267
52,-6,1.017189699
52,-4,1.022258425
52,-2,1.028138603
52,0,1.034838825
52,2,1.041297455
52,4,1.04860529
52,6,1.05678559
52,8,1.065865429
52,10,1.075875969
52,12,1.086852776
52,14,1.098836196
52,16,1.11187179
52,18,1.126010835
52,20,1.141310913
52,22,1.15783659
52,24,1.175660206
52,26,1.194862795
52,28,1.215535158
52,30,1.237779112
52,32,1.261708967
52,34,1.287453246
52,36,1.315156728
52,38,1.344982868
52,40,1.377116673
52,42,1.411768144
52,44,1.449176421
52,46,1.489614791
52,48,1.533396776
52,50,1.580883592
52,52,1.63249335
52,54,1.688712475
52,56,1.750110012
52,58,1.817355697
52,60,1.891242998
52,62,1.972718806
52,64,2.062922113
52,66,2.163235031
52,68,2.275350991
52,70,2.401367277
52,72,2.543912669
52,74,2.706326759
52,76,2.892917147
52,78,3.109337014
54,-80,1.60333986
54,-78,1.548753033
54,-76,1.498779156
54,-74,1.452953111
54,-72,1.410871885
54,-70,1.372184695
54,-68,1.33658496
54,-66,1.303803702
54,-64,1.273604121
54,-62,1.24577708
54,-60,1.220137345
54,-58,1.196520428
54,-56,1.174779933
54,-54,1.154785302
54,-52,1.13641991
54,-50,1.119579429
54,-48,1.104170438
54,-46,1.090109224
54,-44,1.077320752
54,-42,1.065737778
54,-40,1.055300078
54,-38,1.045953783
54,-36,1.037650808
54,-34,1.03034835
54,-32,1.024008454
54,-30,1.018597647
54,-28,1.014086612
54,-26,1.010449915
54,-24,1.00766577
54,-22,1.005715844
54,-20,1.004585097
54,-18,1.004261645
54,-16,1.004736661
54,-14,1.006004304
54,-12,1.008061664
54,-10,1.010908748
54,-8,1.014548476
54,-6,1.018986717
54,-4,1.024232341
54,-2,1.030297301
54,0,1.037190814
54,2,1.043849953
54,4,1.051368517
54,6,1.059770823
54,8,1.069085099
54,10,1.079343772
54,12,1.090583804
54,14,1.102847084
54,16,1.116180882
54,18,1.130638382
54,20,1.146279295
54,22,1.163170577
54,24,1.181387256
54,26,1.201013401
54,28,1.222143254
54,30,1.24488255
54,32,1.269350067
54,34,1.295679453
54,36,1.32402139
54,38,1.35454615
54,40,1.387446662
54,42,1.422942167
54,44,1.461282642
54,46,1.502754141
54,48,1.547685325
54,50,1.596455464
54,52,1.64950433
54,54,1.707344529
54,56,1.770576974
54,58,1.839910511
54,60,1.916187018
54,62,2.000413881
54,64,2.09380647
54,66,2.197844422
54,68,2.314347271
54,70,2.445577618
54,72,2.594384344
54,74,2.764405202
54,76,2.960359675
54,78,3.188482761
56,-80,1.597376109
56,-78,1.54336152
56,-76,1.493897258
56,-74,1.448527338
56,-72,1.406856354
56,-70,1.368539906
56,-68,1.333276795
56,-66,1.300802613
56,-64,1.270884457
56,-62,1.243316534
56,-60,1.217916492
56,-58,1.194522344
56,-56,1.172989872
56,-54,1.153190426
56,-52,1.13500906
56,-50,1.118342936
56,-48,1.103099957
56,-46,1.089197597
56,-44,1.076561892
56,-42,1.065126566
56,-40,1.054832283
56,-38,1.045625993
56,-36,1.037460365
56,-34,1.030293304
56,-32,1.024087526
56,-30,1.018810192
56,-28,1.014432595
56,-26,1.010929895
56,-24,1.008280885
56,-22,1.006467808
56,-20,1.005476194
56,-18,1.005294736
56,-16,1.005915195
56,-14,1.007332329
56,-12,1.009543853
56,-10,1.012550419
56,-8,1.01635563
56,-6,1.020966072
56,-4,1.02639138
56,-2,1.032644325
56,0,1.039734767
56,2,1.04659832
56,4,1.054332011
56,6,1.062961249
56,8,1.072515458
56,10,1.083028381
56,12,1.094538429
56,14,1.107089096
56,16,1.120729438
56,18,1.135514628
56,20,1.151506605
56,22,1.168774823
56,24,1.187397129
56,26,1.207460779
56,28,1.229063631
56,30,1.252315537
56,32,1.277339988
56,34,1.304276039
56,36,1.333280605
56,38,1.364531176
56,40,1.398229074
56,42,1.434603351
56,44,1.473915503
56,46,1.516465195
56,48,1.562597246
56,50,1.612710239
56,52,1.667267177
56,54,1.726808805
56,56,1.791970388
56,58,1.863503044
56,60,1.942301149
56,62,2.02943791
56,64,2.126212116
56,66,2.234210373
56,68,2.355391158
56,70,2.492200171
56,72,2.647731474
56,74,2.825957131
56,76,3.032061882
56,78,3.27294356
58,-80,1.591856281
58,-78,1.538382869
58,-76,1.489400909
58,-74,1.444462996
58,-72,1.403180882
58,-70,1.365216175
58,-68,1.330272744
58,-66,1.298090492
58,-64,1.268440191
58,-62,1.241119206
58,-60,1.215947912
58,-58,1.192766686
58,-56,1.171433371
58,-54,1.151821128
58,-52,1.133816605
58,-50,1.117318378
58,-48,1.10223561
58,-46,1.088486909
58,-44,1.075999332
58,-42,1.064707532
58,-40,1.054553025
58,-38,1.045483545
58,-36,1.037452495
58,-34,1.030418464
58,-32,1.024344817
58,-30,1.019199335
58,-28,1.014953911
58,-26,1.011584287
58,-24,1.009069829
58,-22,1.007393349
58,-20,1.006540946
58,-18,1.006501893
58,-16,1.007268537
58,-14,1.008836245
58,-12,1.01120336
58,-10,1.014371192
58,-8,1.018344037
58,-6,1.023129217
58,-4,1.028737147
58,-2,1.035181441
58,0,1.042472627
58,2,1.049544684
58,4,1.057498098
58,6,1.066359409
58,8,1.076159284
58,10,1.086932828
58,12,1.098719962
58,14,1.111565854
58,16,1.12552142
58,18,1.140643912
58,20,1.156997599
58,22,1.174654553
58,24,1.193695575
58,26,1.214211267
58,28,1.236303288
58,30,1.260085829
58,32,1.285687342
58,34,1.313252594
58,36,1.342945087
58,38,1.374949955
58,40,1.40947742
58,42,1.446766954
58,44,1.487092316
58,46,1.530767678
58,48,1.578155126
58,50,1.629673921
58,52,1.685812
58,54,1.747140388
58,56,1.814331413
58,58,1.888181945
58,60,1.969643356
58,62,2.059860577
58,64,2.160223655
58,66,2.272436717
58,68,2.398611635
58,70,2.541397338
58,72,2.704161681
58,74,2.891252605
58,76,3.108382062
58,78,3.363205764